,Unnamed: 0,id,gloss,landmark_file
0,0.0,69241.0,book,69241.npz
1,1.0,69302.0,drink,69302.npz
2,2.0,12328.0,computer,12328.npz
3,3.0,5728.0,before,05728.npz
4,4.0,9848.0,chair,09848.npz
5,5.0,69345.0,go,69345.npz
6,6.0,11310.0,clothes,11310.npz
7,7.0,69534.0,who,69534.npz
8,8.0,8916.0,candy,08916.npz
9,9.0,65415.0,cousin,65415.npz
10,10.0,14882.0,deaf,14882.npz
11,11.0,21870.0,fine,21870.npz
12,12.0,69364.0,help,69364.npz
13,13.0,69411.0,no,69411.npz
14,14.0,57948.0,thin,57948.npz
15,15.0,62159.0,walk,62159.npz
16,16.0,64211.0,year,64211.npz
17,17.0,69546.0,yes,69546.npz
18,18.0,69206.0,all,69206.npz
19,19.0,69236.0,black,69236.npz
20,20.0,69281.0,cool,69281.npz
21,21.0,21942.0,finish,21942.npz
22,22.0,69368.0,hot,69368.npz
23,23.0,69389.0,like,69389.npz
24,24.0,69396.0,many,69396.npz
25,25.0,69402.0,mother,69402.npz
26,26.0,69413.0,now,69413.npz
27,27.0,69422.0,orange,69422.npz
28,28.0,56557.0,table,56557.npz
29,29.0,57628.0,thanksgiving,57628.npz
30,30.0,69531.0,what,69531.npz
31,31.0,63665.0,woman,63665.npz
32,32.0,5629.0,bed,05629.npz
33,33.0,69238.0,blue,69238.npz
34,34.0,7389.0,bowling,07389.npz
35,35.0,69257.0,can,69257.npz
36,36.0,69298.0,dog,69298.npz
37,37.0,69316.0,family,69316.npz
38,38.0,69325.0,fish,69325.npz
39,39.0,25322.0,graduate,25322.npz
40,40.0,69359.0,hat,69359.npz
41,41.0,65884.0,hearing,65884.npz
42,42.0,31750.0,kiss,31750.npz
43,43.0,32156.0,language,32156.npz
44,44.0,32320.0,later,32320.npz
45,45.0,69395.0,man,69395.npz
46,46.0,51057.0,shirt,51057.npz
47,47.0,55364.0,study,55364.npz
48,48.0,56838.0,tall,56838.npz
49,49.0,69533.0,white,69533.npz
50,50.0,64087.0,wrong,64087.npz
51,51.0,624.0,accident,00624.npz
52,52.0,69213.0,apple,69213.npz
53,53.0,69233.0,bird,69233.npz
54,54.0,9966.0,change,09966.npz
55,55.0,69274.0,color,69274.npz
56,56.0,69282.0,corn,69282.npz
57,57.0,69283.0,cow,69283.npz
58,58.0,14627.0,dance,14627.npz
59,59.0,69290.0,dark,69290.npz
60,60.0,17015.0,doctor,17015.npz
61,61.0,69307.0,eat,69307.npz
62,62.0,19261.0,enjoy,19261.npz
63,63.0,65761.0,forget,65761.npz
64,64.0,69343.0,give,69343.npz
65,65.0,66010.0,last,66010.npz
66,66.0,35511.0,meet,35511.npz
67,67.0,69430.0,pink,69430.npz
68,68.0,69431.0,pizza,69431.npz
69,69.0,69433.0,play,69433.npz
70,70.0,69455.0,school,69455.npz
71,71.0,50037.0,secretary,50037.npz
72,72.0,51221.0,short,51221.npz
73,73.0,69511.0,time,69511.npz
74,74.0,69524.0,want,69524.npz
75,75.0,63789.0,work,63789.npz
76,76.0,1383.0,africa,01383.npz
77,77.0,69225.0,basketball,69225.npz
78,78.0,6365.0,birthday,06365.npz
79,79.0,69252.0,brown,69252.npz
80,80.0,8429.0,but,08429.npz
81,81.0,10147.0,cheat,10147.npz
82,82.0,69269.0,city,69269.npz
83,83.0,13158.0,cook,13158.npz
84,84.0,15034.0,decide,15034.npz
85,85.0,65792.0,full,65792.npz
86,86.0,69370.0,how,69370.npz
87,87.0,30831.0,jacket,30831.npz
88,88.0,32948.0,letter,32948.npz
89,89.0,35454.0,medicine,35454.npz
90,90.0,37886.0,need,37886.npz
91,91.0,40840.0,paint,40840.npz
92,92.0,41030.0,paper,41030.npz
93,93.0,69439.0,pull,69439.npz
94,94.0,69440.0,purple,69440.npz
95,95.0,48105.0,right,48105.npz
96,96.0,49173.0,same,49173.npz
97,97.0,53273.0,son,53273.npz
98,98.0,57278.0,tell,57278.npz
99,99.0,58362.0,thursday,58362.npz
100,100.0,61807.0,visit,61807.npz
101,101.0,62098.0,wait,62098.npz
102,102.0,62505.0,water,62505.npz
103,103.0,63329.0,wife,63329.npz
104,104.0,69545.0,yellow,69545.npz
105,105.0,4618.0,backpack,04618.npz
106,106.0,65137.0,bar,65137.npz
107,107.0,69251.0,brother,69251.npz
108,108.0,69261.0,cat,69261.npz
109,109.0,65343.0,check,65343.npz
110,110.0,69270.0,class,69270.npz
111,111.0,14175.0,cry,14175.npz
112,112.0,16195.0,different,16195.npz
113,113.0,17327.0,door,17327.npz
114,114.0,69353.0,green,69353.npz
115,115.0,26158.0,hair,26158.npz
116,116.0,69360.0,have,69360.npz
117,117.0,26835.0,headache,26835.npz
118,118.0,29648.0,inform,29648.npz
119,119.0,31843.0,knife,31843.npz
120,120.0,32379.0,laugh,32379.npz
121,121.0,32608.0,learn,32608.npz
122,122.0,37126.0,movie,37126.npz
123,123.0,45837.0,rabbit,45837.npz
124,124.0,46266.0,read,46266.npz
125,125.0,69446.0,red,69446.npz
126,126.0,48509.0,room,48509.npz
127,127.0,48797.0,run,48797.npz
128,128.0,66473.0,show,66473.npz
129,129.0,69470.0,sick,69470.npz
130,130.0,69481.0,snow,69481.npz
131,131.0,69500.0,take,69500.npz
132,132.0,57082.0,tea,57082.npz
133,133.0,57044.0,teacher,57044.npz
134,134.0,62746.0,week,62746.npz
135,135.0,63283.0,why,63283.npz
136,136.0,69539.0,with,69539.npz
137,137.0,69544.0,write,69544.npz
138,138.0,64307.0,yesterday,64307.npz
139,139.0,1466.0,again,01466.npz
140,140.0,69219.0,bad,69219.npz
141,141.0,69221.0,ball,69221.npz
142,142.0,5299.0,bathroom,05299.npz
143,143.0,6553.0,blanket,06553.npz
144,144.0,69255.0,buy,69255.npz
145,145.0,65290.0,call,65290.npz
146,146.0,65375.0,coffee,65375.npz
147,147.0,65377.0,cold,65377.npz
148,148.0,65379.0,college,65379.npz
149,149.0,13269.0,copy,13269.npz
150,150.0,14457.0,cute,14457.npz
151,151.0,14755.0,daughter,14755.npz
152,152.0,20067.0,example,20067.npz
153,153.0,21073.0,far,21073.npz
154,154.0,22086.0,first,22086.npz
155,155.0,23574.0,friend,23574.npz
156,156.0,69347.0,good,69347.npz
157,157.0,26530.0,happy,26530.npz
158,158.0,69366.0,home,69366.npz
159,159.0,31900.0,know,31900.npz
160,160.0,32304.0,late,32304.npz
161,161.0,32655.0,leave,32655.npz
162,162.0,33475.0,list,33475.npz
163,163.0,34002.0,lose,34002.npz
164,164.0,69405.0,name,69405.npz
165,165.0,69419.0,old,69419.npz
166,166.0,42227.0,person,42227.npz
167,167.0,43528.0,police,43528.npz
168,168.0,44684.0,problem,44684.npz
169,169.0,47178.0,remember,47178.npz
170,170.0,50855.0,share,50855.npz
171,171.0,53295.0,soon,53295.npz
172,172.0,54561.0,stay,54561.npz
173,173.0,55773.0,sunday,55773.npz
174,174.0,57530.0,test,57530.npz
175,175.0,58594.0,tired,58594.npz
176,176.0,59206.0,trade,59206.npz
177,177.0,59500.0,travel,59500.npz
178,178.0,63417.0,window,63417.npz
179,179.0,69547.0,you,69547.npz
180,180.0,416.0,about,00416.npz
181,181.0,3122.0,approve,03122.npz
182,182.0,3441.0,arrive,03441.npz
183,183.0,4801.0,balance,04801.npz
184,184.0,4900.0,banana,04900.npz
185,185.0,5470.0,beard,05470.npz
186,186.0,5598.0,because,05598.npz
187,187.0,69245.0,boy,69245.npz
188,188.0,8372.0,business,08372.npz
189,189.0,9185.0,careful,09185.npz
190,190.0,9723.0,center,09723.npz
191,191.0,10104.0,chat,10104.npz
192,192.0,10464.0,children,10464.npz
193,193.0,10708.0,christmas,10708.npz
194,194.0,11198.0,clock,11198.npz
195,195.0,11252.0,close,11252.npz
196,196.0,13135.0,convince,13135.npz
197,197.0,13546.0,country,13546.npz
198,198.0,69284.0,crash,69284.npz
199,199.0,69291.0,day,69291.npz
200,200.0,16587.0,discuss,16587.npz
201,201.0,17660.0,dress,17660.npz
202,202.0,17761.0,drive,17761.npz
203,203.0,65544.0,drop,65544.npz
204,204.0,65692.0,fat,65692.npz
205,205.0,69319.0,feel,69319.npz
206,206.0,69331.0,football,69331.npz
207,207.0,23951.0,future,23951.npz
208,208.0,65800.0,game,65800.npz
209,209.0,69342.0,girl,69342.npz
210,210.0,25244.0,government,25244.npz
211,211.0,26946.0,hear,26946.npz
212,212.0,69365.0,here,69365.npz
213,213.0,27922.0,hope,27922.npz
214,214.0,69369.0,house,69369.npz
215,215.0,28469.0,husband,28469.npz
216,216.0,65950.0,interest,65950.npz
217,217.0,31151.0,join,31151.npz
218,218.0,66069.0,light,66069.npz
219,219.0,66079.0,live,66079.npz
220,220.0,34581.0,make,34581.npz
221,221.0,35289.0,mean,35289.npz
222,222.0,69401.0,more,69401.npz
223,223.0,66145.0,most,66145.npz
224,224.0,37370.0,music,37370.npz
225,225.0,69407.0,new,69407.npz
226,226.0,69412.0,none,69412.npz
227,227.0,39460.0,office,39460.npz
228,228.0,40171.0,order,40171.npz
229,229.0,66261.0,pants,66261.npz
230,230.0,41315.0,party,41315.npz
231,231.0,41452.0,past,41452.npz
232,232.0,41822.0,pencil,41822.npz
233,233.0,43062.0,plan,43062.npz
234,234.0,69434.0,please,69434.npz
235,235.0,44087.0,practice,44087.npz
236,236.0,44373.0,president,44373.npz
237,237.0,47661.0,restaurant,47661.npz
238,238.0,48050.0,ride,48050.npz
239,239.0,48901.0,russia,48901.npz
240,240.0,69451.0,salt,69451.npz
241,241.0,49250.0,sandwich,49250.npz
242,242.0,51621.0,sign,51621.npz
243,243.0,69472.0,since,69472.npz
244,244.0,52552.0,small,52552.npz
245,245.0,69484.0,some,69484.npz
246,246.0,53488.0,south,53488.npz
247,247.0,69494.0,student,69494.npz
248,248.0,57058.0,teach,57058.npz
249,249.0,57785.0,theory,57785.npz
250,250.0,58791.0,tomato,58791.npz
251,251.0,59310.0,train,59310.npz
252,252.0,60352.0,ugly,60352.npz
253,253.0,62279.0,war,62279.npz
254,254.0,63087.0,where,63087.npz
255,255.0,64433.0,your,64433.npz
256,256.0,2228.0,always,02228.npz
257,257.0,69211.0,animal,69211.npz
258,258.0,3268.0,argue,03268.npz
259,259.0,69217.0,baby,69217.npz
260,260.0,69218.0,back,69218.npz
261,261.0,65127.0,bake,65127.npz
262,262.0,65147.0,bath,65147.npz
263,263.0,5808.0,behind,05808.npz
264,264.0,69250.0,bring,69250.npz
265,265.0,69262.0,catch,69262.npz
266,266.0,69264.0,cereal,69264.npz
267,267.0,9920.0,champion,09920.npz
268,268.0,65345.0,cheese,65345.npz
269,269.0,13473.0,cough,13473.npz
270,270.0,65421.0,crazy,65421.npz
271,271.0,15325.0,delay,15325.npz
272,272.0,15363.0,delicious,15363.npz
273,273.0,16441.0,disappear,16441.npz
274,274.0,16966.0,divorce,16966.npz
275,275.0,65531.0,draw,65531.npz
276,276.0,18294.0,east,18294.npz
277,277.0,65600.0,easy,65600.npz
278,278.0,18494.0,egg,18494.npz
279,279.0,19410.0,environment,19410.npz
280,280.0,69318.0,father,69318.npz
281,281.0,21275.0,fault,21275.npz
282,282.0,65746.0,flower,65746.npz
283,283.0,65783.0,friendly,65783.npz
284,284.0,24724.0,glasses,24724.npz
285,285.0,26255.0,halloween,26255.npz
286,286.0,69358.0,hard,69358.npz
287,287.0,27044.0,heart,27044.npz
288,288.0,28140.0,hour,28140.npz
289,289.0,28311.0,humble,28311.npz
290,290.0,28423.0,hurry,28423.npz
291,291.0,29143.0,improve,29143.npz
292,292.0,30235.0,internet,30235.npz
293,293.0,69380.0,jump,69380.npz
294,294.0,31655.0,kill,31655.npz
295,295.0,32447.0,law,32447.npz
296,296.0,66106.0,match,66106.npz
297,297.0,66109.0,meat,66109.npz
298,298.0,36050.0,milk,36050.npz
299,299.0,36651.0,money,36651.npz
300,300.0,66141.0,month,66141.npz
301,301.0,36783.0,moon,36783.npz
302,302.0,66151.0,move,66151.npz
303,303.0,37790.0,near,37790.npz
304,304.0,37984.0,nephew,37984.npz
305,305.0,38282.0,nice,38282.npz
306,306.0,66171.0,niece,66171.npz
307,307.0,38621.0,noon,38621.npz
308,308.0,38681.0,north,38681.npz
309,309.0,38857.0,not,38857.npz
310,310.0,39093.0,nurse,39093.npz
311,311.0,69418.0,off,69418.npz
312,312.0,39589.0,ok,39589.npz
313,313.0,66270.0,patient,66270.npz
314,314.0,41592.0,pay,41592.npz
315,315.0,42246.0,perspective,42246.npz
316,316.0,66318.0,potato,66318.npz
317,317.0,69450.0,sad,69450.npz
318,318.0,49334.0,saturday,49334.npz
319,319.0,49378.0,save,49378.npz
320,320.0,49658.0,scissors,49658.npz
321,321.0,50058.0,secret,50058.npz
322,322.0,51128.0,shoes,51128.npz
323,323.0,66468.0,shop,66468.npz
324,324.0,51708.0,silly,51708.npz
325,325.0,51886.0,sister,51886.npz
326,326.0,69479.0,sleep,69479.npz
327,327.0,53371.0,sorry,53371.npz
328,328.0,55048.0,straight,55048.npz
329,329.0,69499.0,sweet,69499.npz
330,330.0,56813.0,talk,56813.npz
331,331.0,57306.0,temperature,57306.npz
332,332.0,69501.0,tent,69501.npz
333,333.0,69502.0,thank you,69502.npz
334,334.0,69505.0,think,69505.npz
335,335.0,58300.0,throw,58300.npz
336,336.0,69512.0,today,69512.npz
337,337.0,59248.0,traffic,59248.npz
338,338.0,60551.0,understand,60551.npz
339,339.0,61062.0,use,61062.npz
340,340.0,61920.0,voice,61920.npz
341,341.0,61982.0,vomit,61982.npz
342,342.0,61997.0,vote,61997.npz
343,343.0,62712.0,wednesday,62712.npz
344,344.0,62906.0,west,62906.npz
345,345.0,69529.0,wet,69529.npz
346,346.0,69532.0,when,69532.npz
347,347.0,63104.0,which,63104.npz
348,348.0,66789.0,win,66789.npz
349,349.0,63760.0,word,63760.npz
350,350.0,65031.0,afternoon,65031.npz
351,351.0,65034.0,age,65034.npz
352,352.0,2109.0,alone,02109.npz
353,353.0,3062.0,appointment,03062.npz
354,354.0,4186.0,australia,04186.npz
355,355.0,65114.0,avoid,65114.npz
356,356.0,4873.0,balloon,04873.npz
357,357.0,5194.0,basement,05194.npz
358,358.0,69226.0,bear,69226.npz
359,359.0,65171.0,believe,65171.npz
360,360.0,65179.0,better,65179.npz
361,361.0,65209.0,blind,65209.npz
362,362.0,7196.0,bored,07196.npz
363,363.0,65240.0,bowl,65240.npz
364,364.0,69244.0,box,69244.npz
365,365.0,65247.0,bracelet,65247.npz
366,366.0,7595.0,bread,07595.npz
367,367.0,65284.0,cafeteria,65284.npz
368,368.0,69258.0,car,69258.npz
369,369.0,10400.0,chicken,10400.npz
370,370.0,10450.0,child,10450.npz
371,371.0,10631.0,choose,10631.npz
372,372.0,10769.0,church,10769.npz
373,373.0,69280.0,cookie,69280.npz
374,374.0,14287.0,cup,14287.npz
375,375.0,14466.0,cut,14466.npz
376,376.0,15099.0,decorate,15099.npz
377,377.0,65453.0,deep,65453.npz
378,378.0,69292.0,deer,69292.npz
379,379.0,15534.0,dentist,15534.npz
380,380.0,69296.0,dirty,69296.npz
381,381.0,16897.0,dive,16897.npz
382,382.0,69301.0,down,69301.npz
383,383.0,69304.0,dry,69304.npz
384,384.0,69306.0,ear,69306.npz
385,385.0,65594.0,earn,65594.npz
386,386.0,18225.0,earring,18225.npz
387,387.0,65620.0,elephant,65620.npz
388,388.0,65634.0,english,65634.npz
389,389.0,19563.0,escape,19563.npz
390,390.0,20369.0,expensive,20369.npz
391,391.0,20435.0,explain,20435.npz
392,392.0,65689.0,fast,65689.npz
393,393.0,21695.0,fight,21695.npz
394,394.0,69323.0,find,69323.npz
395,395.0,22132.0,fishing,22132.npz
396,396.0,22499.0,floor,22499.npz
397,397.0,65748.0,fly,65748.npz
398,398.0,65752.0,follow,65752.npz
399,399.0,69337.0,from,69337.npz
400,400.0,69341.0,get,69341.npz
401,401.0,26494.0,happen,26494.npz
402,402.0,27172.0,hello,27172.npz
403,403.0,27596.0,hit,27596.npz
404,404.0,28041.0,hospital,28041.npz
405,405.0,28655.0,idea,28655.npz
406,406.0,69376.0,important,69376.npz
407,407.0,30474.0,investigate,30474.npz
408,408.0,30937.0,japan,30937.npz
409,409.0,30978.0,jealous,30978.npz
410,410.0,65994.0,king,65994.npz
411,411.0,31775.0,kitchen,31775.npz
412,412.0,32203.0,large,32203.npz
413,413.0,66012.0,last year,66012.npz
414,414.0,66030.0,lemon,66030.npz
415,415.0,32963.0,lettuce,32963.npz
416,416.0,66104.0,marry,66104.npz
417,417.0,35525.0,meeting,35525.npz
418,418.0,36249.0,minute,36249.npz
419,419.0,36266.0,mirror,36266.npz
420,420.0,66131.0,miss,66131.npz
421,421.0,66140.0,monkey,66140.npz
422,422.0,36857.0,morning,36857.npz
423,423.0,36992.0,motorcycle,36992.npz
424,424.0,37851.0,necklace,37851.npz
425,425.0,66166.0,never,66166.npz
426,426.0,38178.0,newspaper,38178.npz
427,427.0,38336.0,night,38336.npz
428,428.0,39853.0,onion,39853.npz
429,429.0,69426.0,people,69426.npz
430,430.0,41942.0,pepper,41942.npz
431,431.0,42423.0,phone,42423.npz
432,432.0,42651.0,picture,42651.npz
433,433.0,43339.0,plus,43339.npz
434,434.0,43444.0,point,43444.npz
435,435.0,43679.0,poor,43679.npz
436,436.0,43834.0,possible,43834.npz
437,437.0,45762.0,quiet,45762.npz
438,438.0,45993.0,rain,45993.npz
439,439.0,46288.0,ready,46288.npz
440,440.0,47496.0,research,47496.npz
441,441.0,49483.0,scared,49483.npz
442,442.0,49631.0,science,49631.npz
443,443.0,49693.0,score,49693.npz
444,444.0,50414.0,sentence,50414.npz
445,445.0,69465.0,shape,69465.npz
446,446.0,51916.0,sit,51916.npz
447,447.0,66508.0,slow,66508.npz
448,448.0,52711.0,snake,52711.npz
449,449.0,52917.0,soap,52917.npz
450,450.0,69482.0,soda,69482.npz
451,451.0,53700.0,speech,53700.npz
452,452.0,54444.0,star,54444.npz
453,453.0,66557.0,stink,66557.npz
454,454.0,66573.0,struggle,66573.npz
455,455.0,66574.0,stubborn,66574.npz
456,456.0,55854.0,sunset,55854.npz
457,457.0,56089.0,surgery,56089.npz
458,458.0,57832.0,there,57832.npz
459,459.0,69510.0,tiger,69510.npz
460,460.0,66652.0,toast,66652.npz
461,461.0,58732.0,toilet,58732.npz
462,462.0,66655.0,tomorrow,66655.npz
463,463.0,59146.0,town,59146.npz
464,464.0,59373.0,transfer,59373.npz
465,465.0,59546.0,tree,59546.npz
466,466.0,66677.0,truck,66677.npz
467,467.0,60457.0,uncle,60457.npz
468,468.0,66715.0,vacation,66715.npz
469,469.0,62642.0,weather,62642.npz
470,470.0,66761.0,weekend,66761.npz
471,471.0,65007.0,accept,65007.npz
472,472.0,1214.0,adult,01214.npz
473,473.0,1418.0,after,01418.npz
474,474.0,1557.0,ago,01557.npz
475,475.0,65052.0,allow,65052.npz
476,476.0,65064.0,america,65064.npz
477,477.0,65071.0,angel,65071.npz
478,478.0,65076.0,answer,65076.npz
479,479.0,69212.0,any,69212.npz
480,480.0,65091.0,area,65091.npz
481,481.0,3478.0,art,03478.npz
482,482.0,3634.0,asl,03634.npz
483,483.0,65110.0,aunt,65110.npz
484,484.0,4424.0,awful,04424.npz
485,485.0,4437.0,awkward,04437.npz
486,486.0,65124.0,bacon,65124.npz
487,487.0,5113.0,bark,05113.npz
488,488.0,65164.0,bedroom,65164.npz
489,489.0,5712.0,beer,05712.npz
490,490.0,5923.0,belt,05923.npz
491,491.0,69231.0,big,69231.npz
492,492.0,6435.0,bitter,06435.npz
493,493.0,69242.0,both,69242.npz
494,494.0,69256.0,cake,69256.npz
495,495.0,8676.0,california,08676.npz
496,496.0,65295.0,canada,65295.npz
497,497.0,69259.0,carrot,69259.npz
498,498.0,65319.0,cause,65319.npz
499,499.0,65329.0,challenge,65329.npz
500,500.0,65340.0,cheap,65340.npz
501,501.0,65354.0,chocolate,65354.npz
502,502.0,65365.0,clean,65365.npz
503,503.0,11364.0,cloud,11364.npz
504,504.0,65386.0,compare,65386.npz
505,505.0,65388.0,complex,65388.npz
506,506.0,12871.0,contact,12871.npz
507,507.0,12968.0,continue,12968.npz
508,508.0,13312.0,corner,13312.npz
509,509.0,65410.0,correct,65410.npz
510,510.0,14375.0,curse,14375.npz
511,511.0,14835.0,dead,14835.npz
512,512.0,65458.0,demand,65458.npz
513,513.0,65465.0,depend,65465.npz
514,514.0,15728.0,desert,15728.npz
515,515.0,15772.0,desk,15772.npz
516,516.0,65473.0,develop,65473.npz
517,517.0,16131.0,dictionary,16131.npz
518,518.0,69299.0,doll,69299.npz
519,519.0,18058.0,duty,18058.npz
520,520.0,18275.0,easter,18275.npz
521,521.0,18528.0,egypt,18528.npz
522,522.0,18796.0,elevator,18796.npz
523,523.0,18873.0,email,18873.npz
524,524.0,19109.0,end,19109.npz
525,525.0,19326.0,enter,19326.npz
526,526.0,19692.0,europe,19692.npz
527,527.0,65647.0,event,65647.npz
528,528.0,20145.0,exchange,20145.npz
529,529.0,20378.0,experience,20378.npz
530,530.0,20706.0,face,20706.npz
531,531.0,65672.0,fail,65672.npz
532,532.0,21408.0,feed,21408.npz
533,533.0,21557.0,few,21557.npz
534,534.0,22272.0,flag,22272.npz
535,535.0,69330.0,food,69330.npz
536,536.0,22993.0,for,22993.npz
537,537.0,23042.0,form,23042.npz
538,538.0,23442.0,freeze,23442.npz
539,539.0,23548.0,friday,23548.npz
540,540.0,65786.0,front,65786.npz
541,541.0,65816.0,giraffe,65816.npz
542,542.0,65832.0,god,65832.npz
543,543.0,25378.0,grammar,25378.npz
544,544.0,65846.0,grandfather,65846.npz
545,545.0,69352.0,great,69352.npz
546,546.0,65853.0,greece,65853.npz
547,547.0,65864.0,guess,65864.npz
548,548.0,25976.0,guitar,25976.npz
549,549.0,26315.0,hammer,26315.npz
550,550.0,27151.0,helicopter,27151.npz
551,551.0,65893.0,high,65893.npz
552,552.0,27575.0,history,27575.npz
553,553.0,28376.0,hungry,28376.npz
554,554.0,28441.0,hurt,28441.npz
555,555.0,65958.0,introduce,65958.npz
556,556.0,30453.0,invest,30453.npz
557,557.0,66019.0,lazy,66019.npz
558,558.0,33051.0,library,33051.npz
559,559.0,33114.0,lie,33114.npz
560,560.0,33646.0,lobster,33646.npz
561,561.0,34123.0,love,34123.npz
562,562.0,66090.0,lucky,66090.npz
563,563.0,34386.0,magazine,34386.npz
564,564.0,66108.0,measure,66108.npz
565,565.0,35950.0,microwave,35950.npz
566,566.0,69404.0,my,69404.npz
567,567.0,37956.0,neighbor,37956.npz
568,568.0,39032.0,number,39032.npz
569,569.0,69421.0,one,69421.npz
570,570.0,40468.0,outside,40468.npz
571,571.0,41662.0,peach,41662.npz
572,572.0,69429.0,pig,69429.npz
573,573.0,66308.0,polite,66308.npz
574,574.0,43908.0,postpone,43908.npz
575,575.0,44046.0,power,44046.npz
576,576.0,44334.0,present,44334.npz
577,577.0,44470.0,price,44470.npz
578,578.0,66334.0,prison,66334.npz
579,579.0,66356.0,push,66356.npz
580,580.0,66367.0,raccoon,66367.npz
581,581.0,69445.0,really,69445.npz
582,582.0,46428.0,reason,46428.npz
583,583.0,66386.0,religion,66386.npz
584,584.0,47611.0,respect,47611.npz
585,585.0,48743.0,rule,48743.npz
586,586.0,66421.0,salad,66421.npz
587,587.0,49538.0,schedule,49538.npz
588,588.0,69461.0,sell,69461.npz
589,589.0,66448.0,serious,66448.npz
590,590.0,51335.0,shower,51335.npz
591,591.0,51814.0,single,51814.npz
592,592.0,52578.0,smart,52578.npz
593,593.0,52621.0,smile,52621.npz
594,594.0,69483.0,soft,69483.npz
595,595.0,53414.0,sound,53414.npz
596,596.0,69485.0,soup,69485.npz
597,597.0,53552.0,spain,53552.npz
598,598.0,54080.0,spray,54080.npz
599,599.0,54205.0,squirrel,54205.npz
600,600.0,66560.0,stomach,66560.npz
601,601.0,66561.0,story,66561.npz
602,602.0,69491.0,strange,69491.npz
603,603.0,55150.0,street,55150.npz
604,604.0,66570.0,stress,66570.npz
605,605.0,66571.0,strict,66571.npz
606,606.0,69493.0,strong,69493.npz
607,607.0,55658.0,sugar,55658.npz
608,608.0,69495.0,summer,69495.npz
609,609.0,56158.0,suspect,56158.npz
610,610.0,56295.0,sweetheart,56295.npz
611,611.0,57139.0,tease,57139.npz
612,612.0,57677.0,that,57677.npz
613,613.0,57765.0,themselves,57765.npz
614,614.0,57807.0,therapy,57807.npz
615,615.0,69506.0,thirsty,69506.npz
616,616.0,58387.0,ticket,58387.npz
617,617.0,66658.0,top,66658.npz
618,618.0,59909.0,tuesday,59909.npz
619,619.0,59953.0,turkey,59953.npz
620,620.0,66707.0,university,66707.npz
621,621.0,66708.0,until,66708.npz
622,622.0,62440.0,watch,62440.npz
623,623.0,62585.0,weak,62585.npz
624,624.0,62689.0,wedding,62689.npz
625,625.0,69536.0,will,69536.npz
626,626.0,63402.0,wind,63402.npz
627,627.0,63836.0,world,63836.npz
628,628.0,63879.0,worry,63879.npz
629,629.0,63948.0,wow,63948.npz
630,630.0,64411.0,young,64411.npz
631,631.0,69205.0,add,69205.npz
632,632.0,1730.0,airplane,01730.npz
633,633.0,2159.0,already,02159.npz
634,634.0,69207.0,also,69207.npz
635,635.0,65066.0,analyze,65066.npz
636,636.0,2518.0,and,02518.npz
637,637.0,2569.0,angry,02569.npz
638,638.0,65083.0,appear,65083.npz
639,639.0,69215.0,arm,69215.npz
640,640.0,65095.0,army,65095.npz
641,641.0,3420.0,arrest,03420.npz
642,642.0,65100.0,asia,65100.npz
643,643.0,3597.0,ask,03597.npz
644,644.0,65108.0,attitude,65108.npz
645,645.0,4062.0,attract,04062.npz
646,646.0,4824.0,bald,04824.npz
647,647.0,65138.0,barely,65138.npz
648,648.0,65141.0,baseball,65141.npz
649,649.0,5759.0,beg,05759.npz
650,650.0,5960.0,benefit,05960.npz
651,651.0,65199.0,bite,65199.npz
652,652.0,65202.0,blame,65202.npz
653,653.0,69239.0,boat,69239.npz
654,654.0,69240.0,body,69240.npz
655,655.0,65230.0,borrow,65230.npz
656,656.0,7243.0,boss,07243.npz
657,657.0,65234.0,bother,65234.npz
658,658.0,69243.0,bottle,69243.npz
659,659.0,7301.0,bottom,07301.npz
660,660.0,7492.0,brag,07492.npz
661,661.0,65268.0,build,65268.npz
662,662.0,8349.0,bus,08349.npz
663,663.0,65279.0,butter,65279.npz
664,664.0,8745.0,calm,08745.npz
665,665.0,8859.0,cancel,08859.npz
666,666.0,65297.0,candle,65297.npz
667,667.0,9155.0,cards,09155.npz
668,668.0,10589.0,choice,10589.npz
669,669.0,11819.0,comb,11819.npz
670,670.0,11903.0,comfortable,11903.npz
671,671.0,12584.0,conflict,12584.npz
672,672.0,65416.0,cover,65416.npz
673,673.0,15557.0,deodorant,15557.npz
674,674.0,15815.0,dessert,15815.npz
675,675.0,65471.0,destroy,65471.npz
676,676.0,16061.0,diamond,16061.npz
677,677.0,17132.0,dollar,17132.npz
678,678.0,65532.0,drawer,65532.npz
679,679.0,17633.0,dream,17633.npz
680,680.0,65548.0,drunk,65548.npz
681,681.0,69305.0,duck,69305.npz
682,682.0,18028.0,during,18028.npz
683,683.0,65588.0,eagle,65588.npz
684,684.0,18167.0,early,18167.npz
685,685.0,19457.0,equal,19457.npz
686,686.0,69311.0,every,69311.npz
687,687.0,20153.0,excited,20153.npz
688,688.0,20226.0,exercise,20226.npz
689,689.0,20396.0,experiment,20396.npz
690,690.0,20411.0,expert,20411.npz
691,691.0,69315.0,fact,69315.npz
692,692.0,21324.0,fear,21324.npz
693,693.0,65695.0,feedback,65695.npz
694,694.0,65750.0,fold,65750.npz
695,695.0,65759.0,forest,65759.npz
696,696.0,23335.0,france,23335.npz
697,697.0,23627.0,frog,23627.npz
698,698.0,23868.0,funny,23868.npz
699,699.0,24057.0,garage,24057.npz
700,700.0,24872.0,goal,24872.npz
701,701.0,25011.0,golf,25011.npz
702,702.0,25033.0,gone,25033.npz
703,703.0,25183.0,gossip,25183.npz
704,704.0,65847.0,grandmother,65847.npz
705,705.0,65849.0,grapes,65849.npz
706,706.0,25829.0,group,25829.npz
707,707.0,25967.0,guilty,25967.npz
708,708.0,26295.0,hamburger,26295.npz
709,709.0,26706.0,hate,26706.npz
710,710.0,69362.0,head,69362.npz
711,711.0,27281.0,her,27281.npz
712,712.0,27994.0,horse,27994.npz
713,713.0,65923.0,ignore,65923.npz
714,714.0,65927.0,impossible,65927.npz
715,715.0,69377.0,in,69377.npz
716,716.0,65932.0,independent,65932.npz
717,717.0,29866.0,inside,29866.npz
718,718.0,30052.0,insurance,30052.npz
719,719.0,65966.0,island,65966.npz
720,720.0,32693.0,lecture,32693.npz
721,721.0,32887.0,lesson,32887.npz
722,722.0,33311.0,limit,33311.npz
723,723.0,33391.0,lion,33391.npz
724,724.0,33454.0,listen,33454.npz
725,725.0,34861.0,march,34861.npz
726,726.0,35155.0,math,35155.npz
727,727.0,69397.0,maybe,69397.npz
728,728.0,35383.0,mechanic,35383.npz
729,729.0,69399.0,mom,69399.npz
730,730.0,37040.0,mouse,37040.npz
731,731.0,37194.0,much,37194.npz
732,732.0,37314.0,muscle,37314.npz
733,733.0,66155.0,museum,66155.npz
734,734.0,37425.0,must,37425.npz
735,735.0,37397.0,mustache,37397.npz
736,736.0,69406.0,negative,69406.npz
737,737.0,38019.0,nervous,38019.npz
738,738.0,38062.0,neutral,38062.npz
739,739.0,38728.0,nose,38728.npz
740,740.0,39511.0,often,39511.npz
741,741.0,39984.0,operate,39984.npz
742,742.0,66239.0,opinion,66239.npz
743,743.0,40313.0,other,40313.npz
744,744.0,66267.0,pass,66267.npz
745,745.0,42753.0,pillow,42753.npz
746,746.0,66324.0,prepare,66324.npz
747,747.0,69437.0,pretty,69437.npz
748,748.0,44492.0,priest,44492.npz
749,749.0,44829.0,program,44829.npz
750,750.0,44897.0,promise,44897.npz
751,751.0,69441.0,put,69441.npz
752,752.0,66362.0,queen,66362.npz
753,753.0,45780.0,quit,45780.npz
754,754.0,45907.0,radio,45907.npz
755,755.0,46174.0,rat,46174.npz
756,756.0,47000.0,reject,47000.npz
757,757.0,47460.0,require,47460.npz
758,758.0,47668.0,rest,47668.npz
759,759.0,66400.0,retire,66400.npz
760,760.0,48212.0,rise,48212.npz
761,761.0,48252.0,river,48252.npz
762,762.0,66418.0,rough,66418.npz
763,763.0,69460.0,see,69460.npz
764,764.0,66442.0,seem,66442.npz
765,765.0,50330.0,send,50330.npz
766,766.0,66459.0,sew,66459.npz
767,767.0,50934.0,sheep,50934.npz
768,768.0,51020.0,shine,51020.npz
769,769.0,51107.0,shock,51107.npz
770,770.0,51287.0,should,51287.npz
771,771.0,51686.0,silent,51686.npz
772,772.0,52175.0,skinny,52175.npz
773,773.0,52198.0,skirt,52198.npz
774,774.0,69477.0,sky,69477.npz
775,775.0,53443.0,sour,53443.npz
776,776.0,69486.0,special,69486.npz
777,777.0,53901.0,spirit,53901.npz
778,778.0,54256.0,staff,54256.npz
779,779.0,66553.0,stand,66553.npz
780,780.0,54593.0,steal,54593.npz
781,781.0,54925.0,stop,54925.npz
782,782.0,55423.0,stupid,55423.npz
783,783.0,55746.0,summon,55746.npz
784,784.0,66580.0,sunrise,66580.npz
785,785.0,56193.0,swallow,56193.npz
786,786.0,57261.0,television,57261.npz
787,787.0,58721.0,to,58721.npz
788,788.0,58706.0,together,58706.npz
789,789.0,66669.0,translate,66669.npz
790,790.0,59596.0,triangle,59596.npz
791,791.0,60044.0,turtle,60044.npz
792,792.0,66705.0,underwear,66705.npz
793,793.0,69522.0,up,69522.npz
794,794.0,66712.0,upset,66712.npz
795,795.0,61738.0,violin,61738.npz
796,796.0,66739.0,volunteer,66739.npz
797,797.0,62289.0,warm,62289.npz
798,798.0,66747.0,warn,66747.npz
799,799.0,62358.0,wash,62358.npz
800,800.0,63448.0,wine,63448.npz
801,801.0,63622.0,witness,63622.npz
802,802.0,66802.0,wood,66802.npz
803,803.0,66825.0,zero,66825.npz
804,804.0,832.0,across,00832.npz
805,805.0,65017.0,actor,65017.npz
806,806.0,1575.0,agree,01575.npz
807,807.0,65040.0,alarm,65040.npz
808,808.0,1962.0,allergy,01962.npz
809,809.0,65056.0,almost,65056.npz
810,810.0,65074.0,announce,65074.npz
811,811.0,2872.0,apartment,02872.npz
812,812.0,65107.0,attention,65107.npz
813,813.0,4118.0,audience,04118.npz
814,814.0,4155.0,august,04155.npz
815,815.0,65113.0,autumn,65113.npz
816,816.0,69216.0,away,69216.npz
817,817.0,5556.0,beautiful,05556.npz
818,818.0,65160.0,become,65160.npz
819,819.0,5911.0,below,05911.npz
820,820.0,6021.0,best,06021.npz
821,821.0,69230.0,bet,69230.npz
822,822.0,6159.0,bicycle,06159.npz
823,823.0,6313.0,biology,06313.npz
824,824.0,7440.0,boyfriend,07440.npz
825,825.0,65252.0,break,65252.npz
826,826.0,7751.0,bridge,07751.npz
827,827.0,8005.0,brush,08005.npz
828,828.0,65269.0,building,65269.npz
829,829.0,65277.0,busy,65277.npz
830,830.0,8783.0,camera,08783.npz
831,831.0,8817.0,camp,08817.npz
832,832.0,9087.0,caption,09087.npz
833,833.0,9197.0,care,09197.npz
834,834.0,69260.0,carry,69260.npz
835,835.0,9633.0,celebrate,09633.npz
836,836.0,9806.0,certificate,09806.npz
837,837.0,65327.0,chain,65327.npz
838,838.0,65331.0,chance,65331.npz
839,839.0,10021.0,character,10021.npz
840,840.0,65337.0,chase,65337.npz
841,841.0,11007.0,classroom,11007.npz
842,842.0,65366.0,clear,65366.npz
843,843.0,11148.0,climb,11148.npz
844,844.0,11942.0,command,11942.npz
845,845.0,12060.0,community,12060.npz
846,846.0,12190.0,complain,12190.npz
847,847.0,12291.0,compromise,12291.npz
848,848.0,13023.0,contribute,13023.npz
849,849.0,13244.0,cop,13244.npz
850,850.0,13414.0,cost,13414.npz
851,851.0,13456.0,couch,13456.npz
852,852.0,13744.0,cracker,13744.npz
853,853.0,14312.0,curious,14312.npz
854,854.0,65431.0,curriculum,65431.npz
855,855.0,69289.0,dad,69289.npz
856,856.0,65461.0,deny,65461.npz
857,857.0,69294.0,describe,69294.npz
858,858.0,16081.0,diaper,16081.npz
859,859.0,16097.0,diarrhea,16097.npz
860,860.0,16428.0,disagree,16428.npz
861,861.0,16804.0,dissolve,16804.npz
862,862.0,16925.0,divide,16925.npz
863,863.0,17159.0,dolphin,17159.npz
864,864.0,17377.0,double,17377.npz
865,865.0,65524.0,doubt,65524.npz
866,866.0,65553.0,dumb,65553.npz
867,867.0,18241.0,earth,18241.npz
868,868.0,65596.0,earthquake,65596.npz
869,869.0,69309.0,eight,69309.npz
870,870.0,65626.0,embarrass,65626.npz
871,871.0,18978.0,emotion,18978.npz
872,872.0,65628.0,encourage,65628.npz
873,873.0,19165.0,energy,19165.npz
874,874.0,19305.0,enough,19305.npz
875,875.0,19704.0,evaluate,19704.npz
876,876.0,19967.0,evidence,19967.npz
877,877.0,20008.0,exact,20008.npz
878,878.0,20022.0,exaggerate,20022.npz
879,879.0,20334.0,expect,20334.npz
880,880.0,21030.0,fancy,21030.npz
881,881.0,21309.0,favorite,21309.npz
882,882.0,21829.0,finally,21829.npz
883,883.0,65775.0,fox,65775.npz
884,884.0,23479.0,french,23479.npz
885,885.0,65789.0,fruit,65789.npz
886,886.0,23802.0,function,23802.npz
887,887.0,24174.0,gather,24174.npz
888,888.0,24385.0,germany,24385.npz
889,889.0,24822.0,gloves,24822.npz
890,890.0,65830.0,goat,65830.npz
891,891.0,25044.0,goodbye,25044.npz
892,892.0,69354.0,grow,69354.npz
893,893.0,65868.0,gum,65868.npz
894,894.0,26214.0,half,26214.npz
895,895.0,26807.0,hawaii,26807.npz
896,896.0,27321.0,herself,27321.npz
897,897.0,27451.0,highway,27451.npz
898,898.0,27793.0,homework,27793.npz
899,899.0,27874.0,honor,27874.npz
900,900.0,28582.0,ice cream,28582.npz
901,901.0,69375.0,if,69375.npz
902,902.0,29327.0,increase,29327.npz
903,903.0,29407.0,india,29407.npz
904,904.0,29632.0,information,29632.npz
905,905.0,30264.0,interpret,30264.npz
906,906.0,65956.0,interview,65956.npz
907,907.0,65961.0,invite,65961.npz
908,908.0,30713.0,israel,30713.npz
909,909.0,31049.0,jesus,31049.npz
910,910.0,31491.0,keep,31491.npz
911,911.0,31554.0,keyboard,31554.npz
912,912.0,69382.0,land,69382.npz
913,913.0,32474.0,lawyer,32474.npz
914,914.0,32541.0,lead,32541.npz
915,915.0,32859.0,lesbian,32859.npz
916,916.0,69390.0,line,69390.npz
917,917.0,33696.0,lock,33696.npz
918,918.0,66087.0,loud,66087.npz
919,919.0,66088.0,lousy,66088.npz
920,920.0,34265.0,lunch,34265.npz
921,921.0,34353.0,machine,34353.npz
922,922.0,34375.0,mad,34375.npz
923,923.0,66114.0,memorize,66114.npz
924,924.0,36231.0,minus,36231.npz
925,925.0,36635.0,monday,36635.npz
926,926.0,37017.0,mountain,37017.npz
927,927.0,66149.0,mouth,66149.npz
928,928.0,37344.0,mushroom,37344.npz
929,929.0,37611.0,napkin,37611.npz
930,930.0,66161.0,neck,66161.npz
931,931.0,38238.0,next,38238.npz
932,932.0,69416.0,ocean,69416.npz
933,933.0,39951.0,open,39951.npz
934,934.0,40635.0,overwhelm,40635.npz
935,935.0,40650.0,owe,40650.npz
936,936.0,40759.0,page,40759.npz
937,937.0,40802.0,pain,40802.npz
938,938.0,41063.0,parade,41063.npz
939,939.0,41164.0,parents,41164.npz
940,940.0,42004.0,perfect,42004.npz
941,941.0,42076.0,period,42076.npz
942,942.0,42403.0,philosophy,42403.npz
943,943.0,42470.0,photographer,42470.npz
944,944.0,69432.0,place,69432.npz
945,945.0,43553.0,policy,43553.npz
946,946.0,66312.0,popular,66312.npz
947,947.0,44126.0,pray,44126.npz
948,948.0,44200.0,predict,44200.npz
949,949.0,44329.0,presentation,44329.npz
950,950.0,69438.0,print,69438.npz
951,951.0,44558.0,printer,44558.npz
952,952.0,44624.0,private,44624.npz
953,953.0,44733.0,procrastinate,44733.npz
954,954.0,44860.0,project,44860.npz
955,955.0,66343.0,protect,66343.npz
956,956.0,45098.0,prove,45098.npz
957,957.0,66346.0,provide,66346.npz
958,958.0,45171.0,psychology,45171.npz
959,959.0,66354.0,punish,66354.npz
960,960.0,45571.0,puzzled,45571.npz
961,961.0,69442.0,question,69442.npz
962,962.0,66363.0,quick,66363.npz
963,963.0,45967.0,rainbow,45967.npz
964,964.0,66370.0,rake,66370.npz
965,965.0,46957.0,rehearse,46957.npz
966,966.0,66390.0,remove,66390.npz
967,967.0,66402.0,revenge,66402.npz
968,968.0,47902.0,review,47902.npz
969,969.0,48029.0,rich,48029.npz
970,970.0,48489.0,roof,48489.npz
971,971.0,48538.0,rooster,48538.npz
972,972.0,48705.0,rude,48705.npz
973,973.0,69454.0,say,69454.npz
974,974.0,49644.0,scientist,49644.npz
975,975.0,49727.0,scotland,49727.npz
976,976.0,49804.0,screwdriver,49804.npz
977,977.0,50007.0,second,50007.npz
978,978.0,66444.0,senate,66444.npz
979,979.0,50439.0,separate,50439.npz
980,980.0,50547.0,service,50547.npz
981,981.0,51398.0,shrimp,51398.npz
982,982.0,66474.0,shy,66474.npz
983,983.0,51544.0,side,51544.npz
984,984.0,66489.0,situation,66489.npz
985,985.0,52288.0,slave,52288.npz
986,986.0,66523.0,soccer,66523.npz
987,987.0,53013.0,socks,53013.npz
988,988.0,66528.0,solid,66528.npz
989,989.0,53240.0,sometimes,53240.npz
990,990.0,66546.0,spider,66546.npz
991,991.0,53872.0,spin,53872.npz
992,992.0,54170.0,square,54170.npz
993,993.0,54302.0,stairs,54302.npz
994,994.0,54424.0,stare,54424.npz
995,995.0,54457.0,start,54457.npz
996,996.0,69489.0,store,69489.npz
997,997.0,55117.0,straw,55117.npz
998,998.0,55288.0,structure,55288.npz
999,999.0,55670.0,suggest,55670.npz
1000,1000.0,55803.0,sun,55803.npz
1001,1001.0,55976.0,support,55976.npz
1002,1002.0,69497.0,suppose,69497.npz
1003,1003.0,56029.0,sure,56029.npz
1004,1004.0,56105.0,surprise,56105.npz
1005,1005.0,56247.0,sweater,56247.npz
1006,1006.0,56341.0,swim,56341.npz
1007,1007.0,56461.0,symbol,56461.npz
1008,1008.0,56970.0,taste,56970.npz
1009,1009.0,57090.0,team,57090.npz
1010,1010.0,57236.0,telephone,57236.npz
1011,1011.0,57410.0,tennis,57410.npz
1012,1012.0,57725.0,their,57725.npz
1013,1013.0,57771.0,then,57771.npz
1014,1014.0,57840.0,thermometer,57840.npz
1015,1015.0,69504.0,thing,69504.npz
1016,1016.0,58013.0,third,58013.npz
1017,1017.0,66629.0,thousand,66629.npz
1018,1018.0,69508.0,three,69508.npz
1019,1019.0,66642.0,tie,66642.npz
1020,1020.0,58946.0,topic,58946.npz
1021,1021.0,59051.0,touch,59051.npz
1022,1022.0,59103.0,tournament,59103.npz
1023,1023.0,66680.0,try,66680.npz
1024,1024.0,69521.0,two,69521.npz
1025,1025.0,60304.0,type,60304.npz
1026,1026.0,66699.0,umbrella,66699.npz
1027,1027.0,66720.0,vegetable,66720.npz
1028,1028.0,61886.0,vocabulary,61886.npz
1029,1029.0,66750.0,waste,66750.npz
1030,1030.0,69527.0,we,69527.npz
1031,1031.0,66756.0,wear,66756.npz
1032,1032.0,62754.0,weekly,62754.npz
1033,1033.0,62829.0,welcome,62829.npz
1034,1034.0,63495.0,winter,63495.npz
1035,1035.0,63607.0,without,63607.npz
1036,1036.0,66797.0,wolf,66797.npz
1037,1037.0,69541.0,worm,69541.npz
1038,1038.0,66814.0,wristwatch,66814.npz
1039,1039.0,64451.0,yourself,64451.npz
1040,1040.0,65004.0,above,65004.npz
1041,1041.0,663.0,accomplish,00663.npz
1042,1042.0,65022.0,adopt,65022.npz
1043,1043.0,65025.0,advantage,65025.npz
1044,1044.0,2145.0,alphabet,02145.npz
1045,1045.0,2609.0,anniversary,02609.npz
1046,1046.0,2697.0,another,02697.npz
1047,1047.0,3101.0,appropriate,03101.npz
1048,1048.0,3448.0,arrogant,03448.npz
1049,1049.0,3515.0,artist,03515.npz
1050,1050.0,65122.0,background,65122.npz
1051,1051.0,65165.0,bee,65165.npz
1052,1052.0,5792.0,behavior,05792.npz
1053,1053.0,5873.0,bell,05873.npz
1054,1054.0,65189.0,birth,65189.npz
1055,1055.0,65206.0,bless,65206.npz
1056,1056.0,6733.0,blood,06733.npz
1057,1057.0,7163.0,boots,07163.npz
1058,1058.0,65251.0,brave,65251.npz
1059,1059.0,65256.0,breathe,65256.npz
1060,1060.0,7779.0,bright,07779.npz
1061,1061.0,8166.0,bull,08166.npz
1062,1062.0,8442.0,butterfly,08442.npz
1063,1063.0,65304.0,card,65304.npz
1064,1064.0,9488.0,category,09488.npz
1065,1065.0,65316.0,catholic,65316.npz
1066,1066.0,65323.0,cent,65323.npz
1067,1067.0,10308.0,chemistry,10308.npz
1068,1068.0,65347.0,cherry,65347.npz
1069,1069.0,10516.0,china,10516.npz
1070,1070.0,65355.0,chop,65355.npz
1071,1071.0,65356.0,christian,65356.npz
1072,1072.0,10786.0,cigarette,10786.npz
1073,1073.0,11088.0,clever,11088.npz
1074,1074.0,11379.0,clown,11379.npz
1075,1075.0,11436.0,coach,11436.npz
1076,1076.0,69271.0,coat,69271.npz
1077,1077.0,65373.0,cochlear implant,65373.npz
1078,1078.0,65374.0,coconut,65374.npz
1079,1079.0,69276.0,common,69276.npz
1080,1080.0,12072.0,commute,12072.npz
1081,1081.0,13042.0,control,13042.npz
1082,1082.0,65413.0,count,65413.npz
1083,1083.0,14261.0,culture,14261.npz
1084,1084.0,14577.0,daily,14577.npz
1085,1085.0,15213.0,defend,15213.npz
1086,1086.0,65454.0,degree,65454.npz
1087,1087.0,15474.0,demonstrate,15474.npz
1088,1088.0,15584.0,department,15584.npz
1089,1089.0,65479.0,die,65479.npz
1090,1090.0,16231.0,dig,16231.npz
1091,1091.0,16322.0,dinner,16322.npz
1092,1092.0,65483.0,dinosaur,65483.npz
1093,1093.0,16351.0,diploma,16351.npz
1094,1094.0,65484.0,director,65484.npz
1095,1095.0,65489.0,disconnect,65489.npz
1096,1096.0,16560.0,discover,16560.npz
1097,1097.0,17298.0,don't want,17298.npz
1098,1098.0,69303.0,drum,69303.npz
1099,1099.0,18109.0,each,18109.npz
1100,1100.0,18413.0,educate,18413.npz
1101,1101.0,65618.0,electrician,65618.npz
1102,1102.0,65627.0,empty,65627.npz
1103,1103.0,19226.0,england,19226.npz
1104,1104.0,19614.0,establish,19614.npz
1105,1105.0,20198.0,excuse,20198.npz
1106,1106.0,20629.0,eyeglasses,20629.npz
1107,1107.0,65671.0,faculty,65671.npz
1108,1108.0,20922.0,fall in love,20922.npz
1109,1109.0,65678.0,famous,65678.npz
1110,1110.0,69317.0,farm,69317.npz
1111,1111.0,21487.0,fence,21487.npz
1112,1112.0,69327.0,fix,69327.npz
1113,1113.0,22409.0,flexible,22409.npz
1114,1114.0,65744.0,flirt,65744.npz
1115,1115.0,22481.0,flood,22481.npz
1116,1116.0,23005.0,fork,23005.npz
1117,1117.0,69333.0,four,69333.npz
1118,1118.0,69338.0,fun,69338.npz
1119,1119.0,23840.0,funeral,23840.npz
1120,1120.0,23907.0,furniture,23907.npz
1121,1121.0,24249.0,general,24249.npz
1122,1122.0,24515.0,ghost,24515.npz
1123,1123.0,65820.0,give up,65820.npz
1124,1124.0,69344.0,glass,69344.npz
1125,1125.0,65838.0,gorilla,65838.npz
1126,1126.0,65852.0,gray,65852.npz
1127,1127.0,25941.0,guide,25941.npz
1128,1128.0,26082.0,habit,26082.npz
1129,1129.0,26914.0,health,26914.npz
1130,1130.0,26959.0,hearing aid,26959.npz
1131,1131.0,65887.0,heaven,65887.npz
1132,1132.0,27095.0,heavy,27095.npz
1133,1133.0,27186.0,helmet,27186.npz
1134,1134.0,27375.0,hide,27375.npz
1135,1135.0,27436.0,high school,27436.npz
1136,1136.0,27633.0,hockey,27633.npz
1137,1137.0,27662.0,hold,27662.npz
1138,1138.0,27823.0,honest,27823.npz
1139,1139.0,28260.0,hug,28260.npz
1140,1140.0,65912.0,hunt,65912.npz
1141,1141.0,28876.0,image,28876.npz
1142,1142.0,65939.0,influence,65939.npz
1143,1143.0,30169.0,interesting,30169.npz
1144,1144.0,65954.0,interpreter,65954.npz
1145,1145.0,30559.0,iran,30559.npz
1146,1146.0,30748.0,italy,30748.npz
1147,1147.0,65979.0,jewish,65979.npz
1148,1148.0,31260.0,judge,31260.npz
1149,1149.0,31564.0,key,31564.npz
1150,1150.0,31976.0,label,31976.npz
1151,1151.0,69384.0,leaf,69384.npz
1152,1152.0,32725.0,left,32725.npz
1153,1153.0,66034.0,lend,66034.npz
1154,1154.0,69386.0,less,69386.npz
1155,1155.0,33374.0,linguistics,33374.npz
1156,1156.0,66081.0,lonely,66081.npz
1157,1157.0,33804.0,long,33804.npz
1158,1158.0,34397.0,magic,34397.npz
1159,1159.0,34510.0,mainstream,34510.npz
1160,1160.0,34543.0,major,34543.npz
1161,1161.0,34699.0,manager,34699.npz
1162,1162.0,35209.0,maximum,35209.npz
1163,1163.0,35544.0,me,35544.npz
1164,1164.0,35885.0,mexico,35885.npz
1165,1165.0,66122.0,middle,66122.npz
1166,1166.0,36118.0,mind,36118.npz
1167,1167.0,36414.0,misunderstand,36414.npz
1168,1168.0,36713.0,monster,36713.npz
1169,1169.0,37267.0,multiply,37267.npz
1170,1170.0,37483.0,myself,37483.npz
1171,1171.0,66192.0,nothing,66192.npz
1172,1172.0,39360.0,october,39360.npz
1173,1173.0,39378.0,odd,39378.npz
1174,1174.0,39425.0,offer,39425.npz
1175,1175.0,69420.0,on,69420.npz
1176,1176.0,39874.0,only,39874.npz
1177,1177.0,40050.0,opposite,40050.npz
1178,1178.0,40403.0,out,40403.npz
1179,1179.0,40577.0,overlook,40577.npz
1180,1180.0,41480.0,path,41480.npz
1181,1181.0,41976.0,percent,41976.npz
1182,1182.0,42552.0,physics,42552.npz
1183,1183.0,42565.0,piano,42565.npz
1184,1184.0,42585.0,pick,42585.npz
1185,1185.0,42671.0,pie,42671.npz
1186,1186.0,66299.0,plate,66299.npz
1187,1187.0,43380.0,pocket,43380.npz
1188,1188.0,43697.0,popcorn,43697.npz
1189,1189.0,43809.0,positive,43809.npz
1190,1190.0,44233.0,pregnant,44233.npz
1191,1191.0,44441.0,prevent,44441.npz
1192,1192.0,44949.0,proof,44949.npz
1193,1193.0,66352.0,pumpkin,66352.npz
1194,1194.0,45448.0,purpose,45448.npz
1195,1195.0,45864.0,race,45864.npz
1196,1196.0,46327.0,realize,46327.npz
1197,1197.0,46588.0,recognize,46588.npz
1198,1198.0,66381.0,refuse,66381.npz
1199,1199.0,47038.0,relationship,47038.npz
1200,1200.0,47300.0,repeat,47300.npz
1201,1201.0,66392.0,replace,66392.npz
1202,1202.0,47357.0,report,47357.npz
1203,1203.0,47380.0,represent,47380.npz
1204,1204.0,47450.0,request,47450.npz
1205,1205.0,66397.0,responsibility,66397.npz
1206,1206.0,47731.0,result,47731.npz
1207,1207.0,47846.0,reveal,47846.npz
1208,1208.0,48159.0,ring,48159.npz
1209,1209.0,48334.0,rob,48334.npz
1210,1210.0,66411.0,rock,66411.npz
1211,1211.0,48404.0,role,48404.npz
1212,1212.0,48557.0,rope,48557.npz
1213,1213.0,48890.0,rush,48890.npz
1214,1214.0,49149.0,salute,49149.npz
1215,1215.0,66427.0,satisfy,66427.npz
1216,1216.0,49931.0,search,49931.npz
1217,1217.0,50244.0,selfish,50244.npz
1218,1218.0,66447.0,sensitive,66447.npz
1219,1219.0,66449.0,serve,66449.npz
1220,1220.0,69463.0,seven,69463.npz
1221,1221.0,50826.0,shampoo,50826.npz
1222,1222.0,69466.0,she,69466.npz
1223,1223.0,69467.0,shelf,69467.npz
1224,1224.0,51197.0,shopping,51197.npz
1225,1225.0,51658.0,sign language,51658.npz
1226,1226.0,51728.0,similar,51728.npz
1227,1227.0,51803.0,sing,51803.npz
1228,1228.0,69474.0,six,69474.npz
1229,1229.0,52082.0,skeleton,52082.npz
1230,1230.0,52103.0,sketch,52103.npz
1231,1231.0,52143.0,skill,52143.npz
1232,1232.0,52344.0,sleepy,52344.npz
1233,1233.0,66507.0,slip,66507.npz
1234,1234.0,66510.0,smell,66510.npz
1235,1235.0,52764.0,sneeze,52764.npz
1236,1236.0,52796.0,snob,52796.npz
1237,1237.0,53667.0,specific,53667.npz
1238,1238.0,54341.0,stamp,54341.npz
1239,1239.0,54609.0,steel,54609.npz
1240,1240.0,69492.0,strawberry,69492.npz
1241,1241.0,66577.0,subtract,66577.npz
1242,1242.0,55553.0,subway,55553.npz
1243,1243.0,55636.0,suffer,55636.npz
1244,1244.0,56047.0,surface,56047.npz
1245,1245.0,56281.0,sweep,56281.npz
1246,1246.0,56387.0,swing,56387.npz
1247,1247.0,56423.0,switzerland,56423.npz
1248,1248.0,56779.0,tale,56779.npz
1249,1249.0,56874.0,tan,56874.npz
1250,1250.0,57205.0,teeth,57205.npz
1251,1251.0,57483.0,terrible,57483.npz
1252,1252.0,57612.0,thankful,57612.npz
1253,1253.0,57874.0,they,57874.npz
1254,1254.0,58274.0,through,58274.npz
1255,1255.0,58575.0,tiptoe,58575.npz
1256,1256.0,58620.0,title,58620.npz
1257,1257.0,58908.0,tooth,58908.npz
1258,1258.0,58897.0,toothbrush,58897.npz
1259,1259.0,59032.0,total,59032.npz
1260,1260.0,59079.0,tough,59079.npz
1261,1261.0,59228.0,tradition,59228.npz
1262,1262.0,59723.0,trophy,59723.npz
1263,1263.0,59741.0,trouble,59741.npz
1264,1264.0,59791.0,true,59791.npz
1265,1265.0,59829.0,trust,59829.npz
1266,1266.0,60527.0,under,60527.npz
1267,1267.0,61442.0,verb,61442.npz
1268,1268.0,62196.0,wall,62196.npz
1269,1269.0,62516.0,watermelon,62516.npz
1270,1270.0,62570.0,way,62570.npz
1271,1271.0,66762.0,weird,66762.npz
1272,1272.0,66776.0,while,66776.npz
1273,1273.0,66783.0,wide,66783.npz
1274,1274.0,66788.0,willing,66788.npz
1275,1275.0,69538.0,wish,69538.npz
1276,1276.0,66801.0,wonderful,66801.npz
1277,1277.0,63821.0,workshop,63821.npz
1278,1278.0,66811.0,worse,66811.npz
1279,1279.0,64001.0,wrench,64001.npz
1280,1280.0,2128.0,a lot,02128.npz
1281,1281.0,335.0,abdomen,00335.npz
1282,1282.0,376.0,able,00376.npz
1283,1283.0,65011.0,accountant,65011.npz
1284,1284.0,65015.0,action,65015.npz
1285,1285.0,868.0,active,00868.npz
1286,1286.0,65016.0,activity,65016.npz
1287,1287.0,1011.0,address,01011.npz
1288,1288.0,1318.0,affect,01318.npz
1289,1289.0,1373.0,afraid,01373.npz
1290,1290.0,65033.0,against,65033.npz
1291,1291.0,1505.0,agenda,01505.npz
1292,1292.0,1598.0,ahead,01598.npz
1293,1293.0,1642.0,aim,01642.npz
1294,1294.0,1831.0,alcohol,01831.npz
1295,1295.0,1874.0,algebra,01874.npz
1296,1296.0,1922.0,all day,01922.npz
1297,1297.0,2273.0,amazing,02273.npz
1298,1298.0,69210.0,angle,69210.npz
1299,1299.0,2864.0,apart,02864.npz
1300,1300.0,65082.0,apostrophe,65082.npz
1301,1301.0,2969.0,appetite,02969.npz
1302,1302.0,3068.0,appreciate,03068.npz
1303,1303.0,3154.0,april,03154.npz
1304,1304.0,3201.0,archery,03201.npz
1305,1305.0,3382.0,around,03382.npz
1306,1306.0,3490.0,article,03490.npz
1307,1307.0,3756.0,assistant,03756.npz
1308,1308.0,3999.0,attend,03999.npz
1309,1309.0,4099.0,auction,04099.npz
1310,1310.0,4226.0,authority,04226.npz
1311,1311.0,4324.0,average,04324.npz
1312,1312.0,4355.0,awake,04355.npz
1313,1313.0,6120.0,b,06120.npz
1314,1314.0,4531.0,babysitter,04531.npz
1315,1315.0,5368.0,battle,05368.npz
1316,1316.0,5778.0,beginning,05778.npz
1317,1317.0,5844.0,belief,05844.npz
1318,1318.0,6137.0,bible,06137.npz
1319,1319.0,6214.0,bike,06214.npz
1320,1320.0,6613.0,blend,06613.npz
1321,1321.0,7033.0,bone,07033.npz
1322,1322.0,7499.0,bra,07499.npz
1323,1323.0,7765.0,brief,07765.npz
1324,1324.0,7872.0,broke,07872.npz
1325,1325.0,65267.0,bug,65267.npz
1326,1326.0,8179.0,bully,08179.npz
1327,1327.0,8468.0,button,08468.npz
1328,1328.0,8533.0,cabbage,08533.npz
1329,1329.0,8543.0,cabinet,08543.npz
1330,1330.0,8624.0,calculate,08624.npz
1331,1331.0,8635.0,calculator,08635.npz
1332,1332.0,8643.0,calculus,08643.npz
1333,1333.0,65293.0,camping,65293.npz
1334,1334.0,8979.0,canoe,08979.npz
1335,1335.0,9216.0,careless,09216.npz
1336,1336.0,9625.0,ceiling,09625.npz
1337,1337.0,9712.0,cemetery,09712.npz
1338,1338.0,69266.0,chapter,69266.npz
1339,1339.0,10599.0,choir,10599.npz
1340,1340.0,10813.0,circle,10813.npz
1341,1341.0,69275.0,come,69275.npz
1342,1342.0,11862.0,come here,11862.npz
1343,1343.0,12100.0,company,12100.npz
1344,1344.0,12217.0,complete,12217.npz
1345,1345.0,12402.0,concept,12402.npz
1346,1346.0,12415.0,concern,12415.npz
1347,1347.0,12602.0,confront,12602.npz
1348,1348.0,65395.0,confused,65395.npz
1349,1349.0,12649.0,congress,12649.npz
1350,1350.0,65397.0,connect,65397.npz
1351,1351.0,12696.0,conquer,12696.npz
1352,1352.0,12809.0,constitution,12809.npz
1353,1353.0,12987.0,contract,12987.npz
1354,1354.0,13618.0,court,13618.npz
1355,1355.0,13732.0,crab,13732.npz
1356,1356.0,14047.0,cross,14047.npz
1357,1357.0,14126.0,cruel,14126.npz
1358,1358.0,69286.0,crush,69286.npz
1359,1359.0,14734.0,date,14734.npz
1360,1360.0,15018.0,december,15018.npz
1361,1361.0,15110.0,decrease,15110.npz
1362,1362.0,15139.0,deduct,15139.npz
1363,1363.0,15185.0,defeat,15185.npz
1364,1364.0,15631.0,deposit,15631.npz
1365,1365.0,15648.0,depressed,15648.npz
1366,1366.0,15844.0,detach,15844.npz
1367,1367.0,15899.0,determine,15899.npz
1368,1368.0,16002.0,diabetes,16002.npz
1369,1369.0,16268.0,dime,16268.npz
1370,1370.0,16394.0,dirt,16394.npz
1371,1371.0,16640.0,disgust,16640.npz
1372,1372.0,16703.0,dismiss,16703.npz
1373,1373.0,65501.0,dizzy,65501.npz
1374,1374.0,65505.0,document,65505.npz
1375,1375.0,17352.0,dorm,17352.npz
1376,1376.0,17361.0,dormitory,17361.npz
1377,1377.0,17456.0,downstairs,17456.npz
1378,1378.0,18370.0,economy,18370.npz
1379,1379.0,18426.0,education,18426.npz
1380,1380.0,18474.0,effort,18474.npz
1381,1381.0,18550.0,eighteen,18550.npz
1382,1382.0,19183.0,engage,19183.npz
1383,1383.0,19192.0,engagement,19192.npz
1384,1384.0,19200.0,engineer,19200.npz
1385,1385.0,19393.0,envelope,19393.npz
1386,1386.0,65641.0,erase,65641.npz
1387,1387.0,19654.0,eternity,19654.npz
1388,1388.0,19742.0,evening,19742.npz
1389,1389.0,19816.0,everyday,19816.npz
1390,1390.0,20313.0,expand,20313.npz
1391,1391.0,69314.0,eye,69314.npz
1392,1392.0,65667.0,eyes,65667.npz
1393,1393.0,20868.0,fake,20868.npz
1394,1394.0,21086.0,farmer,21086.npz
1395,1395.0,21356.0,february,21356.npz
1396,1396.0,21370.0,federal,21370.npz
1397,1397.0,21820.0,final,21820.npz
1398,1398.0,22510.0,florida,22510.npz
1399,1399.0,65747.0,flute,65747.npz
1400,1400.0,65757.0,forbid,65757.npz
1401,1401.0,65760.0,forever,65760.npz
1402,1402.0,65774.0,fourth,65774.npz
1403,1403.0,23407.0,free,23407.npz
1404,1404.0,24014.0,gamble,24014.npz
1405,1405.0,24119.0,gas,24119.npz
1406,1406.0,24130.0,gasoline,24130.npz
1407,1407.0,24268.0,generation,24268.npz
1408,1408.0,24329.0,geography,24329.npz
1409,1409.0,24367.0,german,24367.npz
1410,1410.0,24592.0,girlfriend,24592.npz
1411,1411.0,24996.0,gold,24996.npz
1412,1412.0,69349.0,grandma,69349.npz
1413,1413.0,25508.0,grass,25508.npz
1414,1414.0,25871.0,grow up,25871.npz
1415,1415.0,26012.0,gun,26012.npz
1416,1416.0,26136.0,haircut,26136.npz
1417,1417.0,26591.0,hard of hearing,26591.npz
1418,1418.0,27534.0,hippopotamus,27534.npz
1419,1419.0,27553.0,his,27553.npz
1420,1420.0,27840.0,honey,27840.npz
1421,1421.0,28675.0,identify,28675.npz
1422,1422.0,29278.0,include,29278.npz
1423,1423.0,65938.0,infection,65938.npz
1424,1424.0,29791.0,innocent,29791.npz
1425,1425.0,29842.0,insect,29842.npz
1426,1426.0,65945.0,instead,65945.npz
1427,1427.0,65947.0,institute,65947.npz
1428,1428.0,30217.0,international,30217.npz
1429,1429.0,30285.0,interrupt,30285.npz
1430,1430.0,30522.0,involve,30522.npz
1431,1431.0,30873.0,jail,30873.npz
1432,1432.0,30921.0,january,30921.npz
1433,1433.0,31177.0,joke,31177.npz
1434,1434.0,31346.0,june,31346.npz
1435,1435.0,65986.0,kangaroo,65986.npz
1436,1436.0,31457.0,karate,31457.npz
1437,1437.0,65990.0,kick,65990.npz
1438,1438.0,31833.0,kneel,31833.npz
1439,1439.0,66001.0,knock,66001.npz
1440,1440.0,32191.0,laptop,32191.npz
1441,1441.0,69387.0,lift,69387.npz
1442,1442.0,69388.0,lightning,69388.npz
1443,1443.0,33403.0,lip,33403.npz
1444,1444.0,33423.0,lipstick,33423.npz
1445,1445.0,33651.0,local,33651.npz
1446,1446.0,34687.0,manage,34687.npz
1447,1447.0,35189.0,mature,35189.npz
1448,1448.0,35574.0,member,35574.npz
1449,1449.0,35761.0,message,35761.npz
1450,1450.0,35798.0,metal,35798.npz
1451,1451.0,35923.0,microphone,35923.npz
1452,1452.0,66133.0,mix,66133.npz
1453,1453.0,36744.0,monthly,36744.npz
1454,1454.0,69403.0,motor,69403.npz
1455,1455.0,37683.0,nation,37683.npz
1456,1456.0,66165.0,network,66165.npz
1457,1457.0,38299.0,nickel,38299.npz
1458,1458.0,66177.0,nineteen,66177.npz
1459,1459.0,66189.0,normal,66189.npz
1460,1460.0,38973.0,november,38973.npz
1461,1461.0,66220.0,nut,66220.npz
1462,1462.0,69417.0,octopus,69417.npz
1463,1463.0,66227.0,once,66227.npz
1464,1464.0,40229.0,organize,40229.npz
1465,1465.0,40559.0,over,40559.npz
1466,1466.0,66256.0,owl,66256.npz
1467,1467.0,42511.0,p,42511.npz
1468,1468.0,41055.0,parachute,41055.npz
1469,1469.0,41078.0,paragraph,41078.npz
1470,1470.0,66263.0,parallel,66263.npz
1471,1471.0,41582.0,pay attention,41582.npz
1472,1472.0,41653.0,peace,41653.npz
1473,1473.0,41693.0,peanut butter,41693.npz
1474,1474.0,42039.0,perfume,42039.npz
1475,1475.0,42214.0,personality,42214.npz
1476,1476.0,66283.0,pet,66283.npz
1477,1477.0,66284.0,philadelphia,66284.npz
1478,1478.0,42540.0,physician,42540.npz
1479,1479.0,42664.0,piece,42664.npz
1480,1480.0,42939.0,pity,42939.npz
1481,1481.0,43078.0,plant,43078.npz
1482,1482.0,43254.0,plenty,43254.npz
1483,1483.0,43367.0,pneumonia,43367.npz
1484,1484.0,43594.0,politics,43594.npz
1485,1485.0,43800.0,position,43800.npz
1486,1486.0,43986.0,pound,43986.npz
1487,1487.0,43999.0,pour,43999.npz
1488,1488.0,44097.0,praise,44097.npz
1489,1489.0,44147.0,preach,44147.npz
1490,1490.0,44141.0,preacher,44141.npz
1491,1491.0,44221.0,prefer,44221.npz
1492,1492.0,44396.0,pressure,44396.npz
1493,1493.0,44538.0,principal,44538.npz
1494,1494.0,44588.0,priority,44588.npz
1495,1495.0,44776.0,professional,44776.npz
1496,1496.0,44790.0,professor,44790.npz
1497,1497.0,66340.0,promote,66340.npz
1498,1498.0,45051.0,prostitute,45051.npz
1499,1499.0,45090.0,proud,45090.npz
1500,1500.0,45819.0,quote,45819.npz
1501,1501.0,46491.0,receive,46491.npz
1502,1502.0,66376.0,recent,66376.npz
1503,1503.0,46759.0,reduce,46759.npz
1504,1504.0,46791.0,refer,46791.npz
1505,1505.0,46775.0,referee,46775.npz
1506,1506.0,47028.0,relate,47028.npz
1507,1507.0,47059.0,relax,47059.npz
1508,1508.0,47221.0,remote control,47221.npz
1509,1509.0,47271.0,rent,47271.npz
1510,1510.0,47440.0,reputation,47440.npz
1511,1511.0,66394.0,resign,66394.npz
1512,1512.0,47645.0,responsible,47645.npz
1513,1513.0,48073.0,ridiculous,48073.npz
1514,1514.0,48273.0,road,48273.npz
1515,1515.0,48340.0,robot,48340.npz
1516,1516.0,48684.0,rubber,48684.npz
1517,1517.0,48995.0,safe,48995.npz
1518,1518.0,49342.0,sauce,49342.npz
1519,1519.0,49358.0,sausage,49358.npz
1520,1520.0,49672.0,scold,49672.npz
1521,1521.0,50363.0,senior,50363.npz
1522,1522.0,50454.0,september,50454.npz
1523,1523.0,50704.0,several,50704.npz
1524,1524.0,50813.0,shame,50813.npz
1525,1525.0,50902.0,shave,50902.npz
1526,1526.0,51160.0,shoot,51160.npz
1527,1527.0,66472.0,shoulder,66472.npz
1528,1528.0,51716.0,silver,51716.npz
1529,1529.0,51749.0,simple,51749.npz
1530,1530.0,66487.0,siren,66487.npz
1531,1531.0,69475.0,size,69475.npz
1532,1532.0,69476.0,skate,69476.npz
1533,1533.0,52158.0,skin,52158.npz
1534,1534.0,52214.0,skunk,52214.npz
1535,1535.0,66505.0,slice,66505.npz
1536,1536.0,52660.0,smooth,52660.npz
1537,1537.0,52686.0,snack,52686.npz
1538,1538.0,66520.0,snowman,66520.npz
1539,1539.0,52992.0,society,52992.npz
1540,1540.0,53218.0,someone,53218.npz
1541,1541.0,53261.0,song,53261.npz
1542,1542.0,53340.0,sore throat,53340.npz
1543,1543.0,53457.0,south america,53457.npz
1544,1544.0,66541.0,spanish,66541.npz
1545,1545.0,53620.0,speak,53620.npz
1546,1546.0,53736.0,speed,53736.npz
1547,1547.0,69487.0,spell,69487.npz
1548,1548.0,54004.0,spoon,54004.npz
1549,1549.0,54116.0,spring,54116.npz
1550,1550.0,54363.0,standard,54363.npz
1551,1551.0,54530.0,statistics,54530.npz
1552,1552.0,54762.0,sticky,54762.npz
1553,1553.0,54787.0,still,54787.npz
1554,1554.0,55188.0,stretch,55188.npz
1555,1555.0,56073.0,surgeon,56073.npz
1556,1556.0,56271.0,sweden,56271.npz
1557,1557.0,56367.0,swimsuit,56367.npz
1558,1558.0,56481.0,sympathy,56481.npz
1559,1559.0,56762.0,take turns,56762.npz
1560,1560.0,56771.0,take up,56771.npz
1561,1561.0,57168.0,technology,57168.npz
1562,1562.0,57321.0,temple,57321.npz
1563,1563.0,57368.0,tender,57368.npz
1564,1564.0,57596.0,thailand,57596.npz
1565,1565.0,57706.0,theater,57706.npz
1566,1566.0,69503.0,them,69503.npz
1567,1567.0,57744.0,theme,57744.npz
1568,1568.0,57890.0,thick,57890.npz
1569,1569.0,69507.0,this,69507.npz
1570,1570.0,58252.0,throat,58252.npz
1571,1571.0,58611.0,tissue,58611.npz
1572,1572.0,66656.0,tongue,66656.npz
1573,1573.0,58834.0,tonight,58834.npz
1574,1574.0,58972.0,tornado,58972.npz
1575,1575.0,59133.0,tower,59133.npz
1576,1576.0,59349.0,tranquil,59349.npz
1577,1577.0,59383.0,transform,59383.npz
1578,1578.0,60057.0,tutor,60057.npz
1579,1579.0,60155.0,twin,60155.npz
1580,1580.0,60722.0,united states,60722.npz
1581,1581.0,61233.0,value,61233.npz
1582,1582.0,66732.0,visitor,66732.npz
1583,1583.0,62087.0,waiter,62087.npz
1584,1584.0,62145.0,wake up,62145.npz
1585,1585.0,62189.0,wallet,62189.npz
1586,1586.0,62229.0,wander,62229.npz
1587,1587.0,66748.0,wash face,66748.npz
1588,1588.0,62790.0,weight,62790.npz
1589,1589.0,69530.0,whale,69530.npz
1590,1590.0,62952.0,whatever,62952.npz
1591,1591.0,63598.0,within,63598.npz
1592,1592.0,63701.0,wonder,63701.npz
1593,1593.0,66805.0,worker,66805.npz
1594,1594.0,66812.0,worthless,66812.npz
1595,1595.0,69542.0,wrap,69542.npz
1596,1596.0,583.0,accent,00583.npz
1597,1597.0,65014.0,act,65014.npz
1598,1598.0,943.0,adapt,00943.npz
1599,1599.0,1064.0,adjective,01064.npz
1600,1600.0,1073.0,adjust,01073.npz
1601,1601.0,1100.0,admire,01100.npz
1602,1602.0,65021.0,admit,65021.npz
1603,1603.0,1226.0,advanced,01226.npz
1604,1604.0,1264.0,adverb,01264.npz
1605,1605.0,1583.0,agreement,01583.npz
1606,1606.0,1621.0,aid,01621.npz
1607,1607.0,2008.0,alligator,02008.npz
1608,1608.0,2429.0,amputate,02429.npz
1609,1609.0,2485.0,anatomy,02485.npz
1610,1610.0,2643.0,annoy,02643.npz
1611,1611.0,2851.0,anyway,02851.npz
1612,1612.0,65088.0,approach,65088.npz
1613,1613.0,65093.0,arizona,65093.npz
1614,1614.0,3765.0,assist,03765.npz
1615,1615.0,3799.0,assume,03799.npz
1616,1616.0,4050.0,attorney,04050.npz
1617,1617.0,4129.0,audiologist,04129.npz
1618,1618.0,4136.0,audiology,04136.npz
1619,1619.0,4200.0,austria,04200.npz
1620,1620.0,4218.0,author,04218.npz
1621,1621.0,4301.0,available,04301.npz
1622,1622.0,4364.0,award,04364.npz
1623,1623.0,4375.0,aware,04375.npz
1624,1624.0,4971.0,bank,04971.npz
1625,1625.0,5017.0,baptize,05017.npz
1626,1626.0,65143.0,basic,65143.npz
1627,1627.0,5358.0,battery,05358.npz
1628,1628.0,65176.0,berry,65176.npz
1629,1629.0,5998.0,beside,05998.npz
1630,1630.0,6081.0,between,06081.npz
1631,1631.0,65185.0,binoculars,65185.npz
1632,1632.0,6787.0,blow,06787.npz
1633,1633.0,6922.0,boast,06922.npz
1634,1634.0,6968.0,boil,06968.npz
1635,1635.0,7113.0,bookshelf,07113.npz
1636,1636.0,7430.0,boxing,07430.npz
1637,1637.0,7506.0,braid,07506.npz
1638,1638.0,7527.0,brain,07527.npz
1639,1639.0,7613.0,breakdown,07613.npz
1640,1640.0,7624.0,breakfast,07624.npz
1641,1641.0,7699.0,breeze,07699.npz
1642,1642.0,7716.0,bribe,07716.npz
1643,1643.0,7861.0,brochure,07861.npz
1644,1644.0,8087.0,buffalo,08087.npz
1645,1645.0,8302.0,burp,08302.npz
1646,1646.0,8338.0,bush,08338.npz
1647,1647.0,8510.0,bye,08510.npz
1648,1648.0,8772.0,camel,08772.npz
1649,1649.0,8889.0,candidate,08889.npz
1650,1650.0,65301.0,cannot,65301.npz
1651,1651.0,9078.0,captain,09078.npz
1652,1652.0,9259.0,carnival,09259.npz
1653,1653.0,9501.0,caterpillar,09501.npz
1654,1654.0,10250.0,cheerleader,10250.npz
1655,1655.0,10296.0,chemical,10296.npz
1656,1656.0,10389.0,chicago,10389.npz
1657,1657.0,10609.0,choke,10609.npz
1658,1658.0,10679.0,christ,10679.npz
1659,1659.0,11103.0,click,11103.npz
1660,1660.0,11284.0,closet,11284.npz
1661,1661.0,11408.0,clueless,11408.npz
1662,1662.0,11418.0,clumsy,11418.npz
1663,1663.0,11686.0,collect,11686.npz
1664,1664.0,11930.0,comma,11930.npz
1665,1665.0,65382.0,comment,65382.npz
1666,1666.0,11994.0,commit,11994.npz
1667,1667.0,65383.0,committee,65383.npz
1668,1668.0,12023.0,common sense,12023.npz
1669,1669.0,12158.0,compete,12158.npz
1670,1670.0,12391.0,concentrate,12391.npz
1671,1671.0,12636.0,congratulations,12636.npz
1672,1672.0,12755.0,consider,12755.npz
1673,1673.0,12819.0,construct,12819.npz
1674,1674.0,65398.0,consume,65398.npz
1675,1675.0,12942.0,contest,12942.npz
1676,1676.0,13087.0,conversation,13087.npz
1677,1677.0,13106.0,convert,13106.npz
1678,1678.0,13223.0,cooperate,13223.npz
1679,1679.0,65412.0,counsel,65412.npz
1680,1680.0,13508.0,counselor,13508.npz
1681,1681.0,65420.0,crave,65420.npz
1682,1682.0,13877.0,create,13877.npz
1683,1683.0,65425.0,crocodile,65425.npz
1684,1684.0,14102.0,crown,14102.npz
1685,1685.0,14202.0,cuba,14202.npz
1686,1686.0,14393.0,curtain,14393.npz
1687,1687.0,14432.0,customer,14432.npz
1688,1688.0,15996.0,d,15996.npz
1689,1689.0,14602.0,damage,14602.npz
1690,1690.0,65436.0,dancer,65436.npz
1691,1691.0,14645.0,danger,14645.npz
1692,1692.0,65438.0,dangerous,65438.npz
1693,1693.0,14773.0,dawn,14773.npz
1694,1694.0,14952.0,death,14952.npz
1695,1695.0,14961.0,debate,14961.npz
1696,1696.0,14978.0,debt,14978.npz
1697,1697.0,15401.0,deliver,15401.npz
1698,1698.0,15448.0,democrat,15448.npz
1699,1699.0,15704.0,descend,15704.npz
1700,1700.0,15750.0,design,15750.npz
1701,1701.0,15876.0,detective,15876.npz
1702,1702.0,65474.0,devil,65474.npz
1703,1703.0,65478.0,dice,65478.npz
1704,1704.0,16212.0,difficult,16212.npz
1705,1705.0,16314.0,dining room,16314.npz
1706,1706.0,16502.0,discipline,16502.npz
1707,1707.0,16541.0,discount,16541.npz
1708,1708.0,65492.0,disgusted,65492.npz
1709,1709.0,16872.0,disturb,16872.npz
1710,1710.0,16950.0,division,16950.npz
1711,1711.0,69300.0,done,69300.npz
1712,1712.0,17512.0,drag,17512.npz
1713,1713.0,17529.0,dragon,17529.npz
1714,1714.0,17557.0,drama,17557.npz
1715,1715.0,17877.0,drug,17877.npz
1716,1716.0,17959.0,due,17959.npz
1717,1717.0,17968.0,dull,17968.npz
1718,1718.0,18037.0,dusk,18037.npz
1719,1719.0,18069.0,dvd,18069.npz
1720,1720.0,18091.0,dye,18091.npz
1721,1721.0,18533.0,e,18533.npz
1722,1722.0,18644.0,either,18644.npz
1723,1723.0,18727.0,electricity,18727.npz
1724,1724.0,18756.0,elementary,18756.npz
1725,1725.0,18856.0,else,18856.npz
1726,1726.0,18942.0,emergency,18942.npz
1727,1727.0,19212.0,engine,19212.npz
1728,1728.0,19297.0,enormous,19297.npz
1729,1729.0,19512.0,eraser,19512.npz
1730,1730.0,19852.0,every monday,19852.npz
1731,1731.0,19930.0,every tuesday,19930.npz
1732,1732.0,19911.0,everything,19911.npz
1733,1733.0,20109.0,except,20109.npz
1734,1734.0,20256.0,exhibit,20256.npz
1735,1735.0,65662.0,explode,65662.npz
1736,1736.0,65664.0,express,65664.npz
1737,1737.0,21568.0,f,21568.npz
1738,1738.0,20836.0,fairy,20836.npz
1739,1739.0,20967.0,familiar,20967.npz
1740,1740.0,21524.0,festival,21524.npz
1741,1741.0,21838.0,finance,21838.npz
1742,1742.0,21925.0,fingerspell,21925.npz
1743,1743.0,22015.0,fire,22015.npz
1744,1744.0,21993.0,firefighter,21993.npz
1745,1745.0,69326.0,five,69326.npz
1746,1746.0,22357.0,flatter,22357.npz
1747,1747.0,65754.0,fool,65754.npz
1748,1748.0,22974.0,forgive,22974.npz
1749,1749.0,65764.0,former,65764.npz
1750,1750.0,23425.0,freeway,23425.npz
1751,1751.0,23646.0,from now on,23646.npz
1752,1752.0,24523.0,g,24523.npz
1753,1753.0,24043.0,gang,24043.npz
1754,1754.0,24194.0,gay,24194.npz
1755,1755.0,24498.0,get up,24498.npz
1756,1756.0,24547.0,gift,24547.npz
1757,1757.0,25279.0,grab,25279.npz
1758,1758.0,25350.0,graduation,25350.npz
1759,1759.0,25522.0,grateful,25522.npz
1760,1760.0,25714.0,grey,25714.npz
1761,1761.0,26062.0,gymnastics,26062.npz
1762,1762.0,27357.0,h,27357.npz
1763,1763.0,26463.0,hang up,26463.npz
1764,1764.0,26483.0,hanukkah,26483.npz
1765,1765.0,26931.0,heap,26931.npz
1766,1766.0,27018.0,heart attack,27018.npz
1767,1767.0,27486.0,hill,27486.npz
1768,1768.0,27744.0,holy,27744.npz
1769,1769.0,27940.0,hop,27940.npz
1770,1770.0,28056.0,host,28056.npz
1771,1771.0,28085.0,hot dog,28085.npz
1772,1772.0,28288.0,human,28288.npz
1773,1773.0,28789.0,i,28789.npz
1774,1774.0,28820.0,ill,28820.npz
1775,1775.0,28813.0,illegal,28813.npz
1776,1776.0,29007.0,impact,29007.npz
1777,1777.0,65933.0,individual,65933.npz
1778,1778.0,29897.0,inspect,29897.npz
1779,1779.0,65943.0,inspire,65943.npz
1780,1780.0,30297.0,intersection,30297.npz
1781,1781.0,65963.0,ireland,65963.npz
1782,1782.0,65964.0,iron,65964.npz
1783,1783.0,31100.0,j,31100.npz
1784,1784.0,65978.0,jewelry,65978.npz
1785,1785.0,31218.0,journey,31218.npz
1786,1786.0,31232.0,joy,31232.npz
1787,1787.0,31300.0,july,31300.npz
1788,1788.0,31583.0,k,31583.npz
1789,1789.0,65991.0,kid,65991.npz
1790,1790.0,31687.0,kindergarten,31687.npz
1791,1791.0,32046.0,lady,32046.npz
1792,1792.0,32097.0,lamp,32097.npz
1793,1793.0,32421.0,laundry,32421.npz
1794,1794.0,32520.0,leader,32520.npz
1795,1795.0,32562.0,league,32562.npz
1796,1796.0,32575.0,leak,32575.npz
1797,1797.0,32754.0,legal,32754.npz
1798,1798.0,32911.0,let,32911.npz
1799,1799.0,33000.0,liability,33000.npz
1800,1800.0,33042.0,librarian,33042.npz
1801,1801.0,33063.0,license,33063.npz
1802,1802.0,33518.0,little bit,33518.npz
1803,1803.0,33609.0,loan,33609.npz
1804,1804.0,33851.0,look at,33851.npz
1805,1805.0,33881.0,look for,33881.npz
1806,1806.0,33980.0,lord,33980.npz
1807,1807.0,35897.0,m,35897.npz
1808,1808.0,35306.0,meaning,35306.npz
1809,1809.0,35555.0,melody,35555.npz
1810,1810.0,35567.0,melt,35567.npz
1811,1811.0,66115.0,mention,66115.npz
1812,1812.0,35932.0,microscope,35932.npz
1813,1813.0,35986.0,midnight,35986.npz
1814,1814.0,36037.0,military,36037.npz
1815,1815.0,36139.0,mine,36139.npz
1816,1816.0,36399.0,mistake,36399.npz
1817,1817.0,36489.0,mock,36489.npz
1818,1818.0,36801.0,moose,36801.npz
1819,1819.0,36901.0,mosquito,36901.npz
1820,1820.0,66148.0,motivate,66148.npz
1821,1821.0,37305.0,murder,37305.npz
1822,1822.0,38265.0,n,38265.npz
1823,1823.0,37647.0,narrow,37647.npz
1824,1824.0,37828.0,necessary,37828.npz
1825,1825.0,37932.0,negotiate,37932.npz
1826,1826.0,38212.0,new york,38212.npz
1827,1827.0,66173.0,nine,66173.npz
1828,1828.0,38701.0,northwest,38701.npz
1829,1829.0,38944.0,not yet,38944.npz
1830,1830.0,66193.0,notice,66193.npz
1831,1831.0,39067.0,numerous,39067.npz
1832,1832.0,39076.0,nun,39076.npz
1833,1833.0,39553.0,o,39553.npz
1834,1834.0,39198.0,objective,39198.npz
1835,1835.0,66221.0,obsess,66221.npz
1836,1836.0,39285.0,obtain,39285.npz
1837,1837.0,39334.0,occur,39334.npz
1838,1838.0,39387.0,odor,39387.npz
1839,1839.0,39647.0,olympics,39647.npz
1840,1840.0,40239.0,or,40239.npz
1841,1841.0,66245.0,oral,66245.npz
1842,1842.0,40342.0,our,40342.npz
1843,1843.0,40528.0,overcome,40528.npz
1844,1844.0,66258.0,pack,66258.npz
1845,1845.0,40828.0,painter,40828.npz
1846,1846.0,41262.0,part,41262.npz
1847,1847.0,41559.0,pause,41559.npz
1848,1848.0,41644.0,peaceful,41644.npz
1849,1849.0,66273.0,pear,66273.npz
1850,1850.0,41774.0,peel,41774.npz
1851,1851.0,41811.0,penalty,41811.npz
1852,1852.0,66277.0,pennsylvania,66277.npz
1853,1853.0,41902.0,penny,41902.npz
1854,1854.0,42137.0,permit,42137.npz
1855,1855.0,42501.0,phrase,42501.npz
1856,1856.0,42605.0,pickle,42605.npz
1857,1857.0,42761.0,pilot,42761.npz
1858,1858.0,66300.0,player,66300.npz
1859,1859.0,43507.0,polar bear,43507.npz
1860,1860.0,43536.0,policeman,43536.npz
1861,1861.0,66311.0,poop,66311.npz
1862,1862.0,43873.0,post,43873.npz
1863,1863.0,43945.0,potential,43945.npz
1864,1864.0,44019.0,poverty,44019.npz
1865,1865.0,66321.0,precious,66321.npz
1866,1866.0,44176.0,precipitation,44176.npz
1867,1867.0,44184.0,precise,44184.npz
1868,1868.0,44299.0,preschool,44299.npz
1869,1869.0,44485.0,pride,44485.npz
1870,1870.0,44524.0,prince,44524.npz
1871,1871.0,44532.0,princess,44532.npz
1872,1872.0,44549.0,principle,44549.npz
1873,1873.0,44715.0,process,44715.npz
1874,1874.0,44811.0,profit,44811.npz
1875,1875.0,44843.0,progress,44843.npz
1876,1876.0,44958.0,propaganda,44958.npz
1877,1877.0,44970.0,proper,44970.npz
1878,1878.0,45164.0,psychologist,45164.npz
1879,1879.0,45193.0,public,45193.npz
1880,1880.0,45218.0,publish,45218.npz
1881,1881.0,45410.0,purchase,45410.npz
1882,1882.0,45419.0,pure,45419.npz
1883,1883.0,45468.0,pursue,45468.npz
1884,1884.0,45525.0,put off,45525.npz
1885,1885.0,45597.0,q,45597.npz
1886,1886.0,45637.0,quality,45637.npz
1887,1887.0,45652.0,quarrel,45652.npz
1888,1888.0,45663.0,quarter,45663.npz
1889,1889.0,47983.0,r,47983.npz
1890,1890.0,45928.0,rage,45928.npz
1891,1891.0,46165.0,rather,46165.npz
1892,1892.0,46314.0,real,46314.npz
1893,1893.0,46574.0,recliner,46574.npz
1894,1894.0,46606.0,recommend,46606.npz
1895,1895.0,46658.0,recover,46658.npz
1896,1896.0,66383.0,regular,66383.npz
1897,1897.0,47075.0,release,47075.npz
1898,1898.0,47093.0,relief,47093.npz
1899,1899.0,47136.0,rely,47136.npz
1900,1900.0,47342.0,reply,47342.npz
1901,1901.0,47479.0,rescue,47479.npz
1902,1902.0,66395.0,resist,66395.npz
1903,1903.0,47722.0,restroom,47722.npz
1904,1904.0,47803.0,retreat,47803.npz
1905,1905.0,48298.0,roar,48298.npz
1906,1906.0,48306.0,robber,48306.npz
1907,1907.0,48522.0,roommate,48522.npz
1908,1908.0,48566.0,rose,48566.npz
1909,1909.0,48731.0,ruin,48731.npz
1910,1910.0,51426.0,s,51426.npz
1911,1911.0,49089.0,salary,49089.npz
1912,1912.0,49411.0,saw,49411.npz
1913,1913.0,49459.0,scan,49459.npz
1914,1914.0,49779.0,scream,49779.npz
1915,1915.0,49885.0,sculpture,49885.npz
1916,1916.0,69459.0,sea,69459.npz
1917,1917.0,50198.0,seldom,50198.npz
1918,1918.0,50466.0,sequence,50466.npz
1919,1919.0,66452.0,settle,66452.npz
1920,1920.0,51300.0,shout,51300.npz
1921,1921.0,51313.0,shovel,51313.npz
1922,1922.0,51826.0,sin,51826.npz
1923,1923.0,51796.0,singer,51796.npz
1924,1924.0,66494.0,sixteen,66494.npz
1925,1925.0,52122.0,ski,52122.npz
1926,1926.0,66504.0,skip,66504.npz
1927,1927.0,52651.0,smoking,52651.npz
1928,1928.0,53037.0,sofa,53037.npz
1929,1929.0,53119.0,soldier,53119.npz
1930,1930.0,53178.0,solve,53178.npz
1931,1931.0,53196.0,someday,53196.npz
1932,1932.0,53230.0,something,53230.npz
1933,1933.0,53252.0,somewhere,53252.npz
1934,1934.0,53401.0,soul,53401.npz
1935,1935.0,53850.0,spill,53850.npz
1936,1936.0,53921.0,spit,53921.npz
1937,1937.0,54090.0,spread,54090.npz
1938,1938.0,54138.0,sprint,54138.npz
1939,1939.0,54189.0,squeeze,54189.npz
1940,1940.0,54248.0,stadium,54248.npz
1941,1941.0,54667.0,stepfather,54667.npz
1942,1942.0,54805.0,sting,54805.npz
1943,1943.0,54832.0,stir,54832.npz
1944,1944.0,54840.0,stitch,54840.npz
1945,1945.0,55323.0,stuck,55323.npz
1946,1946.0,55627.0,sue,55627.npz
1947,1947.0,55866.0,sunshine,55866.npz
1948,1948.0,55910.0,superman,55910.npz
1949,1949.0,56114.0,surrender,56114.npz
1950,1950.0,56175.0,suspend,56175.npz
1951,1951.0,56354.0,swimming,56354.npz
1952,1952.0,58323.0,t,58323.npz
1953,1953.0,56792.0,talent,56792.npz
1954,1954.0,57251.0,telescope,57251.npz
1955,1955.0,57349.0,tempt,57349.npz
1956,1956.0,57391.0,ten,57391.npz
1957,1957.0,57378.0,tend,57378.npz
1958,1958.0,57543.0,testify,57543.npz
1959,1959.0,57567.0,texas,57567.npz
1960,1960.0,57584.0,text,57584.npz
1961,1961.0,57605.0,than,57605.npz
1962,1962.0,57819.0,therefore,57819.npz
1963,1963.0,66634.0,thrill,66634.npz
1964,1964.0,58664.0,tobacco,58664.npz
1965,1965.0,58745.0,toilet paper,58745.npz
1966,1966.0,58769.0,tolerate,58769.npz
1967,1967.0,59001.0,torture,59001.npz
1968,1968.0,59122.0,towel,59122.npz
1969,1969.0,59666.0,trip,59666.npz
1970,1970.0,59839.0,truth,59839.npz
1971,1971.0,59991.0,turn,59991.npz
1972,1972.0,69520.0,tv,69520.npz
1973,1973.0,60358.0,u,60358.npz
1974,1974.0,60702.0,unique,60702.npz
1975,1975.0,60967.0,upstairs,60967.npz
1976,1976.0,61561.0,v,61561.npz
1977,1977.0,61135.0,vacant,61135.npz
1978,1978.0,61188.0,vague,61188.npz
1979,1979.0,61221.0,valley,61221.npz
1980,1980.0,61246.0,vampire,61246.npz
1981,1981.0,69523.0,very,69523.npz
1982,1982.0,61588.0,vice president,61588.npz
1983,1983.0,61697.0,viewpoint,61697.npz
1984,1984.0,61846.0,visualize,61846.npz
1985,1985.0,66734.0,vlog,66734.npz
1986,1986.0,61953.0,volleyball,61953.npz
1987,1987.0,63274.0,w,63274.npz
1988,1988.0,62393.0,washington,62393.npz
1989,1989.0,62488.0,waterfall,62488.npz
1990,1990.0,62782.0,weigh,62782.npz
1991,1991.0,63044.0,wheelchair,63044.npz
1992,1992.0,63186.0,whistle,63186.npz
1993,1993.0,34104.0,be,34104.npz
